Fecha,Hr.Med(%),Prec(mm),Presion(mb).Est,Presion(mb).Mar,Temperatura(°C).Max,Temperatura(°C).Med,Temperatura(°C).Min,Viento(km/h).Max,Viento(km/h).Med,Vis(km)
2016/01/01,71.8,7.9,1000.1,1009.5,31.4,24.0,18.4,27.8,16.7,12.4
2016/01/02,67.8,0.0,1002.0,1011.4,32.1,25.6,20.3,25.9,19.3,12.8
2016/01/03,79.1,0.0,1001.0,1010.4,31.6,23.7,20.0,37.0,21.7,12.6
2016/01/04,91.5,0.0,999.6,1009.0,26.9,22.2,20.8,18.3,10.7,10.4
2016/01/05,79.6,9.9,1002.6,1012.0,28.4,23.6,19.8,24.1,14.4,11.3
2016/01/06,53.2,0.0,1007.2,1016.7,29.1,21.8,13.6,20.6,17.2,13.9
2016/01/07,60.1,0.0,1006.3,1015.8,28.0,21.4,14.0,16.5,9.4,13.9
2016/01/08,66.0,0.8,1002.5,1011.9,29.0,22.5,17.0,14.8,8.3,13.1
2016/01/09,79.6,0.0,1004.9,1014.4,30.1,21.1,17.8,24.1,13.7,13.1
2016/01/10,86.7,18.0,1003.2,1012.7,25.0,19.9,16.8,16.5,11.3,9.4
2016/01/11,76.4,13.0,1000.1,1009.5,30.3,23.5,16.5,13.0,7.6,10.2
2016/01/12,82.8,4.1,997.1,1006.4,31.1,21.9,19.0,40.7,12.6,10.4
2016/01/13,71.2,3.0,1001.6,1011.0,29.7,22.9,17.4,22.2,10.9,13.9
2016/01/14,68.3,0.0,1001.2,1010.6,31.5,24.8,17.0,25.9,13.0,13.9
2016/01/15,71.3,11.9,1000.7,1010.0,32.0,23.9,16.5,18.3,11.7,13.5
2016/01/16,69.2,0.0,1001.3,1010.7,32.0,24.1,17.4,29.4,19.3,13.3
2016/01/17,68.9,0.0,1000.7,1010.1,32.6,23.9,19.0,22.2,13.0,15.2
2016/01/18,64.2,0.0,1005.0,1014.4,29.4,23.7,18.2,22.2,11.1,11.5
2016/01/19,69.3,0.0,1004.1,1013.5,31.9,23.4,17.4,22.2,17.0,13.5
2016/01/20,68.7,0.0,1001.9,1011.3,33.9,26.8,20.0,25.9,18.3,13.9
2016/01/21,68.6,0.0,1003.1,1012.4,34.6,27.4,20.7,31.7,20.2,13.9
2016/01/22,65.5,0.0,999.2,1008.4,35.0,28.9,22.1,31.3,20.4,12.4
2016/01/23,55.7,0.0,1002.2,1011.5,35.4,26.5,20.4,25.9,19.8,13.9
2016/01/24,72.1,0.0,993.7,1003.0,32.9,25.3,20.5,37.0,25.0,12.4
2016/01/25,72.1,3.0,996.6,1006.0,34.1,22.4,16.8,16.5,14.1,11.5
2016/01/26,55.8,0.0,1002.1,1011.5,29.2,22.9,18.6,18.3,14.3,13.7
2016/01/27,50.5,0.0,1005.1,1014.6,27.4,20.3,12.9,35.2,18.7,13.0
2016/01/28,74.5,0.0,1003.8,1013.3,28.3,19.8,15.5,20.6,11.7,11.5
2016/01/29,80.1,4.1,1002.4,1011.9,27.2,20.9,17.1,14.8,10.2,11.7
2016/01/30,72.5,4.1,1004.7,1014.2,28.9,23.5,18.2,14.8,10.7,10.0
2016/01/31,63.5,0.0,1008.8,1018.2,29.8,21.6,16.8,22.2,15.7,13.1
2016/02/01,65.4,0.0,1010.7,1020.3,26.2,18.7,12.0,16.5,9.6,13.9
2016/02/02,60.7,0.0,1007.7,1017.3,29.4,21.4,13.2,18.3,12.2,13.0
2016/02/03,71.8,0.0,1002.4,1011.8,30.3,20.8,16.5,29.4,13.3,12.6
2016/02/04,63.8,0.0,1000.0,1009.4,32.2,24.0,15.9,16.5,9.3,13.0
2016/02/05,70.4,0.0,1002.5,1011.9,33.0,24.1,18.6,13.0,5.2,13.1
2016/02/06,66.8,0.0,1004.9,1014.3,33.6,26.6,19.9,18.3,11.5,13.9
2016/02/07,84.5,26.9,1000.7,1010.0,35.0,24.2,19.4,31.7,18.3,12.0
2016/02/08,82.1,13.0,998.5,1007.8,30.0,23.6,19.0,24.1,12.0,11.5
2016/02/09,77.7,5.1,1001.4,1010.7,32.1,25.2,18.7,14.8,8.3,9.6
2016/02/10,77.1,0.0,1003.8,1013.1,33.0,24.8,20.4,16.5,7.6,10.2
2016/02/11,71.1,0.0,1001.7,1011.0,32.0,25.1,18.2,24.1,17.6,12.0
2016/02/12,79.1,0.0,996.3,1005.5,34.0,27.9,20.8,22.2,13.9,13.9
2016/02/13,72.0,2.0,995.3,1004.5,34.4,25.1,22.0,24.1,14.8,13.5
2016/02/14,60.5,0.0,1000.2,1009.6,30.4,22.3,11.5,9.4,5.9,13.9
2016/02/15,75.8,,999.0,1008.4,31.8,24.5,18.2,14.8,6.5,12.0
2016/02/16,79.8,0.0,994.3,1003.5,32.3,26.4,20.9,33.5,18.5,12.6
2016/02/17,75.8,63.0,994.2,1003.5,32.6,24.6,18.5,24.1,15.0,10.6
2016/02/18,86.8,0.0,1000.5,1009.9,30.6,20.8,17.1,14.8,5.9,11.1
2016/02/19,89.0,48.0,1001.9,1011.3,30.6,21.8,20.0,24.1,15.0,10.6
2016/02/20,79.9,2.0,1004.9,1014.4,28.0,21.4,15.6,20.6,11.5,12.0
2016/02/21,77.7,0.0,1002.1,1011.5,30.2,23.4,16.8,29.4,18.0,13.9
2016/02/22,77.8,0.0,1000.4,1009.8,31.9,26.0,21.4,29.4,19.4,12.6
2016/02/23,74.5,0.0,1001.7,1011.0,32.4,26.0,21.4,13.0,7.2,13.9
2016/02/24,77.3,,998.5,1007.8,32.3,26.0,18.0,27.8,5.6,12.6
2016/02/25,70.9,7.9,999.3,1008.6,32.7,21.4,15.0,20.6,15.6,12.4
2016/02/26,75.6,23.1,993.8,1003.2,26.2,20.3,15.5,27.8,17.6,12.8
2016/02/27,62.2,0.0,1000.4,1010.0,26.2,18.8,9.0,13.0,8.0,15.2
2016/02/28,67.8,0.0,1003.7,1013.2,28.6,20.7,13.0,11.1,5.6,15.2
2016/02/29,75.7,,1006.2,1015.7,29.5,20.9,13.0,14.8,9.3,13.3
2016/03/01,85.5,5.1,1007.9,1017.4,28.5,19.9,17.5,24.1,18.7,11.5
2016/03/02,74.7,0.0,1009.6,1019.2,23.0,18.3,14.2,20.6,18.0,13.9
2016/03/03,78.6,0.0,1005.8,1015.4,27.1,20.0,14.2,22.2,14.6,11.7
2016/03/04,84.1,,1002.3,1011.8,27.6,20.7,14.2,14.8,12.2,11.9
2016/03/05,73.1,0.0,1005.4,1014.9,26.4,19.4,15.0,18.3,13.9,14.4
2016/03/06,67.8,0.0,1005.7,1015.3,24.2,17.4,9.0,11.1,5.9,14.4
2016/03/07,63.8,0.0,1006.8,1016.4,24.7,18.0,9.0,16.5,8.0,13.9
2016/03/08,74.4,0.0,1004.8,1014.4,25.4,17.8,10.6,14.8,8.9,12.6
2016/03/09,80.5,0.0,1005.3,1014.8,25.3,19.9,16.1,22.2,11.1,12.6
2016/03/10,72.3,0.0,1011.4,1021.1,23.4,15.3,10.6,18.3,13.3,11.5
2016/03/11,70.5,0.0,1008.4,1018.0,22.4,16.7,9.5,13.0,10.2,13.1
2016/03/12,74.2,0.0,1010.8,1020.5,24.2,16.9,9.5,16.5,9.3,11.3
2016/03/13,70.5,0.0,1011.2,1020.8,25.8,18.2,11.3,25.9,17.8,13.7
2016/03/14,68.5,0.0,1008.5,1018.1,27.6,19.3,12.6,29.4,19.3,11.1
2016/03/15,68.0,0.0,1006.3,1015.8,30.3,21.9,13.0,18.3,13.1,13.5
2016/03/16,65.4,0.0,1006.0,1015.5,32.7,24.4,13.0,25.9,14.6,13.1
2016/03/17,70.3,0.0,1000.6,1009.9,33.2,25.2,19.5,33.5,23.5,13.9
2016/03/18,69.5,11.9,1001.3,1010.6,33.2,22.2,17.2,25.9,19.8,11.1
2016/03/19,61.5,0.0,1013.6,1023.3,22.5,14.1,8.0,16.5,11.9,16.5
2016/03/20,69.3,0.0,1012.4,1022.2,20.2,15.9,10.0,22.2,12.6,13.5
2016/03/21,81.1,0.0,1008.6,1018.4,22.3,15.7,9.5,7.6,5.4,11.3
2016/03/22,74.5,0.0,1006.6,1016.3,26.5,17.0,8.2,9.4,4.6,8.3
2016/03/23,51.3,0.0,1003.0,1012.5,28.0,23.3,12.5,22.2,16.3,13.0
2016/03/24,71.4,0.0,1006.6,1016.1,28.7,18.7,12.2,22.2,12.8,13.7
2016/03/25,67.8,0.0,1014.0,1023.7,26.0,15.8,10.0,24.1,20.6,13.9
2016/03/26,68.5,0.0,1012.4,1022.0,24.0,18.3,12.4,16.5,13.5,11.1
2016/03/27,75.8,0.0,1008.2,1017.8,26.0,18.2,13.0,16.5,11.3,10.0
2016/03/28,66.1,0.0,1006.0,1015.6,27.0,19.9,10.0,11.1,5.7,12.6
2016/03/29,60.2,0.0,1006.3,1015.8,34.0,21.1,10.0,24.1,10.7,10.7
2016/03/30,61.7,0.0,1006.0,1015.5,31.0,21.9,13.0,33.5,20.4,13.7
2016/03/31,64.6,0.0,1004.6,1014.1,32.0,22.8,14.3,22.2,17.0,11.5
2016/04/01,83.5,48.0,1001.8,1011.2,32.2,20.5,19.2,38.9,19.8,10.9
2016/04/02,88.9,97.0,1000.5,1010.0,23.9,20.2,18.2,14.8,10.9,8.7
2016/04/03,81.6,4.1,1004.3,1013.8,25.5,18.9,13.0,16.5,5.7,7.6
2016/04/04,85.6,16.0,1005.3,1014.9,26.2,17.6,14.6,27.8,18.1,8.3
2016/04/05,90.3,0.5,1005.7,1015.3,20.0,17.5,15.6,16.5,10.6,10.4
2016/04/06,85.6,16.0,1002.6,1012.2,22.6,18.2,16.0,16.5,11.3,9.3
2016/04/07,83.0,0.0,1002.4,1012.0,24.9,18.6,14.0,18.3,9.4,8.3
2016/04/08,86.6,0.0,1002.7,1012.3,25.9,18.5,15.6,29.4,15.7,9.3
2016/04/09,81.8,23.9,1005.5,1015.1,21.6,16.3,13.0,22.2,17.2,11.5
2016/04/10,79.2,0.0,1011.4,1021.2,21.7,14.3,11.5,22.2,19.6,14.4
2016/04/11,72.5,0.0,1014.0,1023.8,20.5,14.8,9.6,24.1,18.0,11.5
2016/04/12,83.1,0.0,1012.8,1022.4,20.8,17.1,11.2,18.3,16.5,11.1
2016/04/13,86.0,2.0,1004.0,1013.6,24.3,18.7,14.9,25.9,13.9,8.5
2016/04/14,88.6,0.5,999.8,1009.3,25.0,20.1,16.0,25.9,12.2,8.9
2016/04/15,84.8,0.5,993.5,1002.8,29.0,24.0,18.6,22.2,16.5,11.5
2016/04/16,70.2,0.0,995.9,1005.3,30.0,21.8,19.2,24.1,14.6,15.6
2016/04/17,68.3,0.0,1003.4,1013.0,23.0,16.2,13.5,31.7,22.6,11.9
2016/04/18,62.6,,1006.8,1016.5,19.2,13.7,10.4,24.1,17.2,11.3
2016/04/19,85.2,21.1,1000.7,1010.4,19.0,14.1,11.2,24.1,16.9,8.5
2016/04/20,71.5,0.0,1001.0,1010.8,23.4,13.9,7.0,27.8,11.9,11.1
2016/04/21,57.8,0.0,1002.6,1012.3,23.7,15.4,8.5,24.1,12.6,12.2
2016/04/22,58.5,0.0,1006.2,1015.9,22.5,13.8,6.5,37.0,18.1,11.5
2016/04/23,74.0,0.0,995.7,1005.3,24.6,17.2,6.5,24.1,14.8,12.0
2016/04/24,72.5,0.0,998.4,1008.0,26.0,15.9,11.2,20.6,12.0,12.0
2016/04/25,78.2,20.1,1006.1,1015.9,16.7,11.6,9.5,25.9,17.0,10.7
2016/04/26,64.5,0.0,1011.2,1021.2,13.6,9.0,5.5,27.8,17.8,11.5
2016/04/27,71.4,0.0,1013.9,1023.8,14.0,8.6,3.0,16.5,14.3,13.0
2016/04/28,73.4,0.0,1013.0,1023.0,14.6,7.5,0.5,9.4,5.0,11.5
2016/04/29,73.7,0.0,1014.0,1024.0,15.6,9.1,3.0,20.6,8.5,13.9
2016/04/30,69.0,0.0,1015.8,1025.8,16.4,8.9,1.0,16.5,9.1,13.5
2016/05/01,76.0,0.0,1008.7,1018.6,16.7,8.9,2.3,20.6,14.3,12.6
2016/05/02,78.4,0.0,1009.5,1019.4,18.1,12.8,7.2,14.8,5.7,12.4
2016/05/03,68.9,0.0,1014.2,1024.1,18.7,12.8,6.0,18.3,12.6,12.6
2016/05/04,76.5,0.0,1009.8,1019.7,21.7,11.7,4.5,18.3,10.9,13.1
2016/05/05,85.7,0.0,1010.3,1020.1,22.2,12.9,7.7,14.8,5.9,10.2
2016/05/06,93.0,17.0,1012.2,1022.0,17.8,13.0,10.4,20.6,12.0,6.3
2016/05/07,80.3,0.0,1013.8,1023.6,16.1,11.4,5.4,20.6,13.9,12.0
2016/05/08,83.5,0.0,1009.4,1019.2,17.9,12.7,8.5,14.8,12.2,10.7
2016/05/09,85.2,0.0,1007.8,1017.6,18.9,14.2,9.0,11.1,8.0,7.6
2016/05/10,81.6,0.0,1011.0,1020.8,20.1,15.0,11.0,18.3,13.1,13.0
2016/05/11,72.9,0.0,1014.7,1024.6,19.2,12.4,9.4,22.2,15.0,13.1
2016/05/12,74.4,0.0,1016.7,1026.6,16.3,10.1,5.4,22.2,12.6,11.5
2016/05/13,76.1,0.0,1015.4,1025.3,16.2,9.7,3.5,24.1,13.9,12.6
2016/05/14,84.2,0.0,1009.4,1019.3,16.7,10.7,5.5,25.9,17.4,11.5
2016/05/15,89.2,2.0,1004.9,1014.6,17.8,11.7,9.6,16.5,13.7,9.4
2016/05/16,72.3,0.0,1012.0,1021.9,12.4,10.5,6.8,18.3,15.0,11.5
2016/05/17,74.5,0.0,1012.6,1022.6,13.2,6.9,-0.2,13.0,9.3,12.8
2016/05/18,71.8,0.0,1012.9,1022.9,12.8,9.5,2.1,11.1,5.7,12.0
2016/05/19,79.3,0.0,1012.2,1022.1,14.4,9.1,4.6,29.4,13.3,12.4
2016/05/20,78.4,0.0,1013.3,1023.3,15.6,11.1,7.6,14.8,7.8,13.9
2016/05/21,72.7,0.0,1014.8,1024.7,15.6,11.1,6.2,13.0,10.0,12.0
2016/05/22,72.9,0.0,1013.5,1023.5,15.4,10.9,6.2,18.3,9.6,12.6
2016/05/23,73.0,0.0,1015.6,1025.7,16.9,7.0,0.8,16.5,8.5,13.5
2016/05/24,74.3,0.0,1014.7,1024.7,17.2,9.3,0.8,40.7,20.2,11.9
2016/05/25,81.7,0.0,1010.8,1020.7,16.4,10.4,4.7,22.2,12.0,11.3
2016/05/26,78.5,0.0,1014.0,1023.9,18.2,11.9,7.4,20.6,12.0,13.5
2016/05/27,90.5,0.0,1017.3,1027.2,16.3,10.8,8.8,16.5,11.7,11.3
2016/05/28,86.6,0.0,1017.3,1027.2,16.9,12.4,8.7,22.2,16.1,11.9
2016/05/29,95.7,2.0,1009.1,1018.9,17.7,12.9,9.8,22.2,13.9,5.0
2016/05/30,86.4,0.5,1000.5,1010.2,15.6,13.2,11.5,24.1,18.0,12.6
2016/05/31,81.8,2.0,999.6,1009.3,15.6,11.6,10.2,31.3,25.4,10.6
2016/06/01,81.1,0.0,1002.8,1012.7,13.1,8.6,5.5,33.5,23.7,11.5
2016/06/02,85.9,3.0,1003.0,1012.9,13.1,8.1,5.2,27.8,20.0,10.2
2016/06/03,90.7,0.0,1006.0,1015.9,13.3,9.3,7.0,14.8,7.8,7.0
2016/06/04,94.2,11.9,1006.9,1016.8,10.2,9.1,8.2,7.6,4.4,11.7
2016/06/05,91.6,4.1,1009.0,1019.0,10.5,7.9,5.0,9.4,4.8,5.6
2016/06/06,81.5,0.0,1006.4,1016.5,14.9,6.9,0.2,29.4,12.2,7.8
2016/06/07,63.1,0.0,1005.5,1015.5,15.4,9.4,2.0,27.8,19.3,11.9
2016/06/08,57.5,0.0,1012.2,1022.2,14.3,7.1,-0.5,22.2,12.2,13.9
2016/06/09,79.5,0.0,1011.1,1021.1,14.2,5.8,-0.5,13.0,8.3,12.4
2016/06/10,71.7,0.0,1019.0,1029.1,13.9,5.9,1.0,24.1,18.0,14.4
2016/06/11,63.7,0.0,1018.2,1028.4,13.4,5.7,0.4,22.2,14.1,14.6
2016/06/12,72.2,0.0,1017.3,1027.5,16.0,5.8,-1.6,22.2,10.2,13.9
2016/06/13,70.0,0.0,1013.2,1023.3,16.4,7.2,-0.2,33.5,21.1,13.0
2016/06/14,72.5,0.0,1012.4,1022.4,16.6,7.1,0.8,18.3,10.7,13.5
2016/06/15,71.2,0.0,1014.2,1024.2,17.5,9.3,0.9,14.8,6.9,9.8
2016/06/16,76.5,0.0,1015.1,1025.0,18.2,9.9,2.2,14.8,8.5,10.6
2016/06/17,79.8,0.0,1013.2,1023.2,18.0,7.9,-0.1,13.0,7.6,7.4
2016/06/18,77.8,0.0,1013.2,1023.2,18.4,9.1,1.7,9.4,5.6,9.8
2016/06/19,78.5,0.0,1016.6,1026.6,18.5,7.7,2.0,18.3,9.3,10.0
2016/06/20,84.6,0.0,1019.2,1029.3,14.6,5.4,1.5,22.2,12.8,8.3
2016/06/21,83.2,0.0,1018.7,1028.9,13.5,4.8,0.2,18.3,12.0,8.0
2016/06/22,86.5,0.0,1014.2,1024.3,13.9,4.8,-1.0,16.5,10.2,9.3
2016/06/23,84.7,0.0,1010.2,1020.3,15.3,6.9,-1.0,16.5,11.9,8.1
2016/06/24,86.1,0.0,1010.1,1020.1,16.3,10.4,0.2,14.8,9.8,8.7
2016/06/25,91.1,0.0,1014.4,1024.4,16.5,9.7,6.5,25.9,13.0,5.7
2016/06/26,77.7,0.0,1015.0,1025.0,10.4,8.4,6.0,31.3,25.6,10.9
2016/06/27,95.6,39.9,1011.2,1021.2,11.8,10.1,6.3,29.4,23.2,5.6
2016/06/28,90.3,1.0,1009.4,1019.4,11.4,9.1,7.0,25.9,18.3,8.3
2016/06/29,81.2,0.0,1007.9,1017.8,17.0,9.3,3.8,31.7,18.9,12.4
2016/06/30,87.9,0.0,1008.5,1018.3,17.6,11.8,5.5,16.5,7.8,10.9
2016/07/01,94.0,0.3,1008.9,1018.7,15.9,12.3,11.2,18.3,10.4,3.5
2016/07/02,97.8,0.0,1009.6,1019.5,14.3,11.1,0.9,16.5,11.7,2.6
2016/07/03,97.1,11.9,1006.0,1015.8,11.3,10.7,9.7,18.3,13.9,5.7
2016/07/04,93.5,0.0,1006.8,1016.7,11.9,10.8,10.0,20.6,14.8,6.5
2016/07/05,88.0,0.0,1008.0,1017.9,12.2,9.3,5.8,14.8,9.3,13.1
2016/07/06,74.6,0.0,1005.1,1015.0,16.2,9.3,1.5,16.5,10.0,13.9
2016/07/07,62.4,0.0,1007.2,1017.1,19.2,10.7,2.5,22.2,15.7,15.6
2016/07/08,74.2,0.0,1008.0,1018.0,19.6,8.6,3.0,25.9,13.1,16.5
2016/07/09,84.1,0.0,1004.7,1014.6,17.3,9.9,3.7,24.1,14.1,12.2
2016/07/10,85.2,0.0,1002.9,1012.8,17.8,10.9,3.7,13.0,8.1,5.9
2016/07/11,86.2,,999.8,1009.6,16.8,11.1,6.2,16.5,9.3,11.3
2016/07/12,81.0,4.1,1004.3,1014.2,15.4,10.2,6.0,20.6,12.4,8.0
2016/07/13,77.3,0.0,1004.8,1014.8,16.1,7.9,2.5,29.4,10.4,12.0
2016/07/14,83.1,0.0,1002.1,1011.9,15.8,9.6,5.0,22.2,14.1,13.1
2016/07/15,81.5,0.0,1006.4,1016.3,13.3,6.7,1.5,22.2,13.0,8.9
2016/07/16,76.9,0.0,1012.5,1022.5,14.2,7.0,1.5,27.8,21.3,12.6
2016/07/17,69.3,0.0,1016.6,1026.8,11.1,4.1,-2.8,14.8,9.4,13.7
2016/07/18,85.7,0.0,1017.6,1027.8,10.2,3.8,-2.2,14.8,6.7,12.4
2016/07/19,79.7,0.0,1018.1,1028.2,12.9,7.2,2.6,18.3,8.7,10.6
2016/07/20,75.1,0.0,1016.1,1026.2,13.8,5.7,-0.2,27.8,15.2,11.3
2016/07/21,74.6,0.0,1013.5,1023.6,15.3,6.1,-1.0,20.6,12.6,10.7
2016/07/22,75.1,0.0,1010.0,1020.0,16.1,7.1,-0.6,27.8,15.6,11.1
2016/07/23,76.8,0.0,1003.6,1013.6,18.2,8.6,-0.6,14.8,10.7,12.2
2016/07/24,79.6,0.0,1009.0,1018.8,18.7,8.9,4.0,31.3,20.4,13.1
2016/07/25,89.2,0.0,1006.4,1016.4,14.4,7.9,5.0,24.1,20.2,9.1
2016/07/26,92.0,10.9,1005.2,1015.2,10.0,8.7,6.0,35.2,27.2,8.3
2016/07/27,80.7,0.0,1014.7,1024.7,10.7,8.1,6.0,18.3,10.4,11.5
2016/07/28,85.0,0.0,1016.4,1026.4,10.6,6.2,1.0,20.6,9.6,10.2
2016/07/29,80.3,0.0,1012.3,1022.4,14.8,7.0,2.0,18.3,13.9,9.3
2016/07/30,79.9,0.0,1007.0,1016.9,17.1,10.7,3.0,16.5,11.5,10.9
2016/07/31,89.8,0.0,1004.0,1013.8,18.0,11.6,7.0,18.3,11.9,10.7
2016/08/01,81.8,0.0,1012.4,1022.3,14.2,9.0,5.2,16.5,11.5,11.5
2016/08/02,83.0,0.0,1016.7,1026.8,14.0,6.2,-0.5,31.3,14.1,6.9
2016/08/03,73.5,0.0,1011.3,1021.3,17.6,9.3,3.5,25.9,19.6,10.9
2016/08/04,81.7,0.0,1005.3,1015.2,18.5,11.0,5.3,24.1,11.9,10.2
2016/08/05,91.2,0.0,1003.0,1012.8,19.6,11.8,6.5,11.1,8.1,9.3
2016/08/06,73.6,0.0,1007.3,1017.1,19.6,9.9,1.3,14.8,9.1,5.0
2016/08/07,63.6,0.0,1009.5,1019.3,20.1,10.6,0.2,11.1,8.0,10.6
2016/08/08,69.7,0.0,1007.6,1017.4,20.8,12.7,4.0,16.5,13.5,12.0
2016/08/09,62.1,0.8,1012.7,1022.6,18.9,10.4,2.2,11.1,6.7,12.6
2016/08/10,65.4,0.0,1014.1,1024.0,21.0,10.6,2.2,24.1,13.9,12.0
2016/08/11,71.8,0.0,1009.1,1018.9,21.0,10.9,4.4,42.4,23.5,13.0
2016/08/12,71.8,0.0,1006.6,1016.4,22.2,12.3,4.0,24.1,12.8,10.0
2016/08/13,68.0,0.0,999.7,1009.4,23.2,14.5,4.0,24.1,17.4,10.6
2016/08/14,57.3,0.0,1002.3,1012.1,22.7,12.7,4.5,11.1,6.9,11.9
2016/08/15,54.9,0.0,997.7,1007.4,21.2,12.7,5.8,37.0,16.1,13.3
2016/08/16,65.6,0.0,996.2,1005.9,20.3,10.5,3.6,14.8,8.3,11.5
2016/08/17,47.4,0.0,1003.1,1012.9,21.0,11.7,4.5,25.9,14.8,11.5
2016/08/18,48.5,0.0,1007.8,1017.6,20.6,10.3,0.8,13.0,9.3,12.4
2016/08/19,65.5,0.0,1007.9,1017.7,20.9,8.7,2.0,7.6,4.4,13.1
2016/08/20,64.7,0.0,1014.0,1024.0,14.0,8.9,4.0,20.6,12.4,11.5
2016/08/21,64.9,0.0,1019.3,1029.4,14.4,7.2,-3.0,25.9,11.3,13.9
2016/08/22,57.4,0.0,1010.4,1020.2,21.7,12.3,1.7,27.8,15.0,14.4
2016/08/23,52.9,0.0,1007.8,1017.7,23.2,12.2,3.5,29.4,17.4,16.9
2016/08/24,61.0,0.0,1005.1,1014.9,23.8,13.0,4.5,27.8,17.8,11.3
2016/08/25,61.2,0.0,1002.8,1012.5,26.4,15.7,6.1,24.1,15.2,14.3
2016/08/26,63.6,0.0,998.5,1008.1,29.7,18.1,10.0,25.9,17.8,10.2
2016/08/27,48.5,0.8,1002.4,1012.0,29.9,14.4,11.5,27.8,25.4,13.0
2016/08/28,71.1,0.0,1010.6,1020.5,15.4,8.7,4.5,24.1,19.8,11.5
2016/08/29,79.0,0.0,1015.0,1025.0,15.2,8.7,4.4,14.8,10.9,10.7
2016/08/30,72.0,0.0,1007.9,1017.8,19.0,9.2,0.0,14.8,7.4,10.2
2016/08/31,63.2,0.0,1003.4,1013.3,20.4,10.9,1.5,25.9,15.4,5.9
2016/09/01,44.1,0.0,1015.2,1025.1,19.7,10.7,7.3,20.6,14.6,12.4
2016/09/02,53.0,0.0,1021.4,1031.5,16.0,7.2,-2.0,13.0,7.6,14.3
2016/09/03,57.9,0.0,1024.8,1034.9,16.3,7.1,-0.2,16.5,9.3,15.2
2016/09/04,56.0,0.0,1023.9,1034.0,13.0,7.6,2.6,20.6,15.4,12.6
2016/09/05,72.1,4.1,1018.4,1028.4,13.0,9.3,5.5,22.2,15.4,11.3
2016/09/06,65.1,0.0,1013.0,1022.9,14.7,9.2,3.6,29.4,24.1,12.4
2016/09/07,65.1,0.0,1010.1,1020.0,17.7,10.3,2.8,24.1,14.1,13.9
2016/09/08,55.1,0.0,1007.8,1017.6,24.3,12.8,2.0,20.6,13.0,10.2
2016/09/09,54.2,0.0,1005.4,1015.1,26.0,15.7,7.4,24.1,18.7,15.2
2016/09/10,55.1,0.0,1007.0,1016.7,27.9,17.4,6.5,16.5,12.4,13.0
2016/09/11,57.6,0.0,1004.1,1013.7,28.9,19.3,6.5,22.2,17.6,11.1
2016/09/12,84.8,0.5,994.9,1004.4,29.4,16.0,12.7,31.3,15.9,9.8
2016/09/13,72.4,39.1,998.6,1008.4,17.0,12.5,8.8,35.2,23.7,14.4
2016/09/14,66.0,0.0,1006.2,1016.0,16.5,12.2,8.0,31.7,24.8,12.6
2016/09/15,67.1,0.0,1008.1,1017.9,20.2,11.7,3.5,13.0,7.2,14.3
2016/09/16,65.1,0.0,1004.9,1014.6,22.8,13.8,7.0,35.2,20.2,13.9
2016/09/17,69.0,0.0,1002.1,1011.7,23.6,15.6,7.0,22.2,15.0,12.4
2016/09/18,61.0,0.0,1011.3,1021.1,22.7,14.8,8.6,31.7,20.4,13.5
2016/09/19,67.8,0.0,1016.1,1026.0,18.9,12.5,5.5,14.8,10.2,13.9
2016/09/20,70.2,0.0,1012.1,1022.0,22.2,14.0,7.0,38.9,25.9,10.4
2016/09/21,64.1,0.0,1006.8,1016.5,23.2,16.1,9.4,42.4,25.4,13.0
2016/09/22,65.3,0.0,1003.7,1013.4,27.0,17.0,9.5,29.4,10.4,13.5
2016/09/23,50.1,0.0,1017.4,1027.2,27.5,11.9,5.3,20.6,17.2,13.1
2016/09/24,47.8,0.0,1016.8,1026.7,18.4,11.8,5.8,13.0,7.4,13.5
2016/09/25,42.4,0.0,1013.0,1022.9,22.3,10.9,0.5,27.8,15.6,13.9
2016/09/26,51.6,0.0,1006.8,1016.6,24.6,15.1,5.0,27.8,18.9,13.0
2016/09/27,51.1,0.0,1004.8,1014.5,28.2,17.7,7.0,22.2,16.7,12.6
2016/09/28,53.0,0.0,1006.2,1015.7,28.6,18.2,10.0,29.4,18.9,13.9
2016/09/29,74.3,,1012.9,1022.7,25.8,10.9,7.0,25.9,22.0,11.5
2016/09/30,80.6,3.0,1009.7,1019.6,15.2,11.6,7.8,31.3,21.7,10.6
2016/10/01,69.5,0.5,1011.6,1021.4,21.1,14.4,7.4,27.8,16.7,11.9
2016/10/02,81.7,7.9,1010.3,1020.0,23.2,15.1,12.9,27.8,19.3,11.3
2016/10/03,79.3,0.0,1009.2,1019.0,23.7,14.9,9.5,25.9,16.9,9.6
2016/10/04,69.9,0.0,1004.9,1014.5,24.6,17.8,9.5,38.9,28.0,12.4
2016/10/05,80.9,33.0,1007.1,1016.7,25.2,15.9,12.4,27.8,19.3,10.0
2016/10/06,70.0,1.0,1006.6,1016.4,19.2,13.0,7.0,13.0,10.0,10.9
2016/10/07,62.1,0.0,1002.1,1011.8,20.2,15.5,9.2,25.9,15.7,14.8
2016/10/08,58.2,0.0,1006.9,1016.6,20.3,13.6,6.5,11.1,7.8,13.9
2016/10/09,53.7,0.0,1006.9,1016.7,25.3,15.4,5.8,38.9,17.0,15.9
2016/10/10,68.3,2.0,1008.1,1017.8,26.0,15.0,11.5,38.9,21.1,11.9
2016/10/11,66.6,0.0,1003.4,1013.1,26.4,16.1,7.5,25.9,17.0,11.5
2016/10/12,71.9,7.9,998.1,1007.5,26.5,19.9,15.0,38.9,19.1,10.7
2016/10/13,80.1,7.1,1000.2,1009.7,28.2,18.4,13.8,25.9,13.7,12.6
2016/10/14,68.4,0.0,1003.0,1012.6,26.8,20.1,13.5,42.4,21.7,12.2
2016/10/15,84.7,32.0,997.8,1007.2,27.7,18.0,15.0,29.4,20.7,10.2
2016/10/16,82.1,2.0,993.8,1003.2,23.2,18.7,14.5,20.6,13.7,10.7
2016/10/17,67.5,0.0,1002.1,1011.7,24.2,17.2,12.0,24.1,18.5,15.2
2016/10/18,80.7,0.0,1005.9,1015.6,22.0,14.3,11.2,37.0,24.8,10.6
2016/10/19,93.0,16.0,1004.7,1014.5,17.0,12.8,11.5,38.9,27.0,9.1
2016/10/20,81.0,6.1,1010.3,1020.2,16.1,12.3,9.5,25.9,16.7,10.4
2016/10/21,72.4,0.0,1010.7,1020.5,19.5,14.4,8.7,14.8,7.0,11.3
2016/10/22,69.8,0.0,1007.4,1017.1,22.5,15.9,8.5,31.7,20.4,13.9
2016/10/23,71.1,0.0,1005.7,1015.2,23.8,18.3,14.0,20.6,16.1,14.4
2016/10/24,76.8,0.0,1005.0,1014.7,25.0,17.6,13.0,24.1,18.9,10.0
2016/10/25,88.7,13.0,1004.6,1014.2,23.1,17.3,15.7,25.9,18.7,10.6
2016/10/26,82.8,14.0,1001.4,1011.0,20.0,16.9,14.5,31.7,19.3,10.4
2016/10/27,57.3,0.0,1008.5,1018.3,20.5,13.7,9.0,35.2,25.9,12.0
2016/10/28,58.1,0.0,1011.1,1020.9,21.5,13.1,4.5,22.2,13.0,13.5
2016/10/29,56.3,0.0,1008.2,1018.0,25.6,15.8,6.5,37.0,26.1,15.6
2016/10/30,60.1,0.0,1002.7,1012.3,27.4,18.7,10.0,29.4,21.5,12.4
2016/10/31,72.8,3.0,996.3,1005.8,28.0,19.4,15.5,20.6,11.7,13.9
2016/11/01,76.0,1.0,994.6,1004.1,24.8,16.2,12.8,33.5,18.5,13.1
2016/11/02,46.8,2.0,1002.9,1012.6,20.2,13.8,8.0,31.7,25.9,13.3
2016/11/03,43.4,0.0,1004.7,1014.3,28.8,17.9,8.5,24.1,12.2,11.5
2016/11/04,47.5,0.0,1005.7,1015.2,31.2,22.6,11.5,16.5,8.7,11.9
2016/11/05,49.3,0.0,1005.9,1015.4,33.2,24.3,15.0,38.9,20.2,11.5
2016/11/06,54.2,0.0,1000.1,1009.5,33.6,24.2,13.5,29.4,18.0,13.9
2016/11/07,71.0,3.0,1003.6,1013.1,33.7,17.8,13.2,25.9,18.0,14.6
2016/11/08,80.2,0.0,1004.7,1014.3,24.7,17.5,11.5,22.2,17.8,11.5
2016/11/09,74.3,8.9,999.7,1009.9,25.2,20.2,14.4,33.5,19.8,10.6
2016/11/10,59.0,0.3,998.5,1008.0,28.2,19.6,11.5,20.6,10.2,14.3
2016/11/11,,,,,,,,,,
2016/11/12,51.2,0.0,1002.3,1011.8,28.4,19.4,10.0,31.3,11.3,13.0
2016/11/13,69.1,2.0,998.6,1008.0,29.2,20.3,16.1,31.7,21.1,11.3
2016/11/14,69.7,0.0,997.5,1007.0,30.0,20.7,11.5,13.0,8.0,10.4
2016/11/15,57.5,0.0,994.7,1004.0,30.4,22.9,17.0,22.2,13.0,11.5
2016/11/16,35.6,0.0,1003.3,1012.9,29.2,18.8,14.1,22.2,16.1,13.0
2016/11/17,40.5,0.0,1012.2,1022.0,24.8,14.8,8.2,25.9,16.9,15.6
2016/11/18,48.5,0.0,1011.6,1021.4,22.4,13.9,4.0,31.3,15.2,14.3
2016/11/19,46.2,0.0,1003.7,1013.3,26.6,17.3,7.0,31.3,23.3,15.0
2016/11/20,58.1,0.0,1000.7,1010.2,27.4,18.5,11.5,18.3,12.6,11.5
2016/11/21,49.4,0.0,1009.9,1019.5,26.8,15.8,9.7,25.9,19.3,13.5
2016/11/22,51.0,0.0,1008.3,1018.1,24.6,15.6,5.5,13.0,7.2,13.9
2016/11/23,41.1,0.0,1002.9,1012.5,28.5,19.3,8.4,16.5,8.0,15.7
2016/11/24,44.5,0.0,1002.0,1011.5,31.2,21.0,10.5,24.1,11.5,15.6
2016/11/25,44.1,0.0,1001.5,1010.9,31.9,23.4,13.2,27.8,16.1,14.4
2016/11/26,65.7,26.9,996.3,1005.7,32.5,21.1,17.7,35.2,23.5,12.6
2016/11/27,64.0,0.0,1000.2,1009.7,28.6,21.8,15.5,18.3,10.7,12.6
2016/11/28,65.0,1.0,1005.8,1015.3,29.4,20.1,16.5,22.2,16.9,12.6
2016/11/29,59.4,1.0,1009.5,1019.1,29.4,21.2,12.5,14.8,7.6,15.7
2016/11/30,52.5,0.0,1008.2,1017.7,30.4,23.0,15.0,31.7,19.6,14.3
2016/12/01,48.9,0.0,1003.3,1012.7,31.0,23.2,15.0,29.4,21.1,13.9
2016/12/02,56.8,0.0,1000.3,1009.7,32.0,24.2,16.6,14.8,10.0,13.1
2016/12/03,65.0,0.0,1000.3,1009.6,32.4,23.6,17.2,16.5,13.0,11.5
2016/12/04,58.4,0.0,998.1,1007.4,34.0,25.8,17.5,38.9,20.7,10.6
2016/12/05,65.0,0.0,995.9,1005.2,35.0,22.1,18.9,31.7,16.9,11.9
2016/12/06,42.1,0.0,1000.4,1009.9,28.4,20.9,10.5,16.5,11.1,14.8
2016/12/07,39.4,0.0,999.5,1008.9,31.7,22.2,11.4,16.5,7.8,14.4
2016/12/08,44.2,0.0,1003.6,1013.1,31.9,20.6,14.5,25.9,17.2,12.0
2016/12/09,39.1,0.0,1002.2,1011.7,29.0,19.7,9.2,29.4,14.6,12.6
2016/12/10,43.5,0.0,995.6,1004.9,32.7,23.5,13.5,29.4,16.3,14.4
2016/12/11,41.0,0.0,995.3,1004.6,33.6,25.2,17.6,18.3,13.7,15.2
2016/12/12,43.1,0.0,991.1,1000.4,34.6,24.9,14.5,18.3,10.9,15.2
2016/12/13,29.4,0.0,1000.2,1009.6,35.2,20.9,13.0,29.4,20.7,13.9
2016/12/14,34.1,0.0,1009.2,1018.9,26.6,18.6,6.5,18.3,10.2,14.6
2016/12/15,37.1,0.0,1007.8,1017.4,31.4,21.2,10.5,40.7,25.7,13.9
2016/12/16,39.8,0.0,1005.0,1014.5,32.0,22.6,11.5,40.7,27.6,14.3
2016/12/17,44.5,0.0,999.0,1008.4,35.6,26.0,14.5,27.8,20.6,13.9
2016/12/18,77.1,23.9,997.2,1006.5,36.5,21.1,16.6,37.0,19.1,10.6
2016/12/19,57.2,16.0,999.9,1009.4,30.7,22.5,15.2,16.5,9.6,15.2
2016/12/20,49.7,0.0,999.4,1008.7,32.3,24.2,15.0,25.9,12.6,15.2
2016/12/21,56.7,0.0,996.0,1005.3,33.8,24.9,15.5,27.8,16.7,15.2
2016/12/22,81.8,58.9,998.9,1008.2,34.3,20.7,16.5,33.5,18.5,9.8
2016/12/23,69.2,39.1,999.6,1009.1,29.2,21.6,14.7,14.8,8.5,8.7
2016/12/24,67.8,0.0,999.1,1008.5,30.6,23.2,15.5,42.4,18.3,11.7
2016/12/25,89.6,50.0,993.0,1002.3,31.2,21.3,19.2,29.4,16.7,9.8
2016/12/26,80.8,23.9,993.3,1002.7,28.5,24.1,19.5,25.9,12.6,11.7
2016/12/27,91.0,0.0,999.7,1009.1,29.8,18.8,18.2,44.6,22.8,10.6
2016/12/28,,,,,,,,,,
2016/12/29,,,,,,,,,,
2016/12/30,,,,,,,,,,
2016/12/31,,,,,,,,,,
2017/01/01,,,,,,,,,,
2017/01/02,69.2,0.0,1001.4,1010.8,31.6,24.2,16.0,25.9,18.7,12.0
2017/01/03,79.5,0.0,993.5,1002.8,30.7,24.9,22.5,20.6,13.7,13.0
2017/01/04,49.4,0.0,995.2,1004.5,29.4,23.1,16.0,18.3,11.3,10.7
2017/01/05,61.9,0.0,1000.6,1010.1,28.2,19.8,13.2,16.5,9.4,15.6
2017/01/06,63.7,0.0,1003.9,1013.4,29.7,21.4,13.0,38.9,23.0,15.6
2017/01/07,73.4,0.0,998.4,1007.7,33.1,27.0,14.7,27.8,18.5,13.9
2017/01/08,79.9,36.1,997.6,1006.9,33.3,23.3,19.2,38.9,11.9,10.6
2017/01/09,81.5,21.1,993.5,1002.9,30.3,22.7,17.0,24.1,10.6,10.2
2017/01/10,71.8,8.9,1000.6,1010.1,31.0,19.8,13.0,16.5,6.3,7.6
2017/01/11,65.1,0.0,1002.7,1012.2,29.4,21.6,13.5,25.9,10.9,13.9
2017/01/12,72.4,0.0,1000.7,1010.1,31.5,24.4,17.0,25.9,13.0,13.9
2017/01/13,67.6,0.0,996.8,1006.0,32.2,25.6,22.0,20.6,15.6,14.8
2017/01/14,65.2,0.0,999.6,1008.9,29.8,22.3,13.7,24.1,16.1,15.6
2017/01/15,81.6,27.9,997.0,1006.4,29.3,18.9,16.4,29.4,16.9,9.8
2017/01/16,80.7,37.1,996.5,1006.0,26.2,21.2,15.0,20.6,16.1,13.1
2017/01/17,70.8,0.0,996.2,1005.5,31.2,25.2,18.6,18.3,9.8,11.7
2017/01/18,62.4,0.0,998.8,1008.2,31.5,25.1,17.0,14.8,9.8,15.4
2017/01/19,72.2,0.0,1002.0,1011.3,32.7,25.8,19.8,25.9,15.0,13.9
2017/01/20,71.9,0.0,1004.3,1013.6,33.2,27.2,21.5,25.9,15.4,15.0
2017/01/21,68.8,0.0,1004.2,1013.5,32.8,26.2,19.8,25.9,18.9,13.9
2017/01/22,71.5,0.0,1002.3,1011.6,33.1,26.3,20.0,20.6,15.0,13.9
2017/01/23,71.2,0.0,1002.9,1012.3,32.3,25.7,20.5,25.9,14.6,13.5
2017/01/24,72.1,0.0,998.1,1007.4,31.0,23.8,17.8,24.1,11.3,13.9
2017/01/25,56.5,0.0,1004.2,1013.7,31.2,20.7,13.9,20.6,15.2,14.8
2017/01/26,56.2,0.0,1010.6,1020.2,25.2,17.6,11.0,13.0,10.9,13.9
2017/01/27,60.1,0.0,1009.2,1018.9,27.1,20.4,10.5,14.8,10.7,14.4
2017/01/28,63.2,0.0,1005.5,1015.0,30.2,21.5,12.2,25.9,18.9,14.4
2017/01/29,64.3,0.0,1003.1,1012.5,31.1,23.2,15.8,35.2,22.4,13.9
2017/01/30,65.2,0.0,1000.5,1009.8,33.6,25.2,15.7,33.5,17.4,13.9
2017/01/31,71.7,0.0,998.7,1008.0,34.2,27.3,21.0,25.9,14.8,13.9
2017/02/01,75.5,10.9,998.9,1008.2,33.5,22.8,17.0,22.2,16.5,11.9
2017/02/02,71.0,0.0,998.4,1007.8,26.7,22.4,16.5,13.0,10.2,12.2
2017/02/03,74.1,0.0,997.5,1006.9,28.8,22.4,16.0,25.9,12.4,11.3
2017/02/04,85.4,2.0,996.1,1005.4,29.9,21.6,18.9,24.1,12.2,10.6
2017/02/05,86.2,26.9,995.5,1005.0,26.4,17.4,16.0,35.2,21.9,8.5
2017/02/06,69.6,6.1,1004.8,1014.4,23.6,17.4,11.0,14.8,10.4,12.0
2017/02/07,72.2,0.0,1003.4,1012.9,25.6,18.9,12.5,18.3,9.3,13.9
2017/02/08,69.2,0.0,1001.5,1011.0,28.2,21.8,15.5,31.3,18.3,13.9
2017/02/09,82.6,0.0,1001.8,1011.3,28.3,20.6,17.3,18.3,14.3,12.8
2017/02/10,75.9,2.0,1002.5,1012.0,27.2,22.0,16.6,22.2,15.4,13.9
2017/02/11,75.0,0.0,1002.6,1012.0,28.2,21.7,17.2,18.3,13.7,11.9
2017/02/12,73.9,0.0,1001.7,1011.2,26.4,21.1,16.5,25.9,14.8,13.0
2017/02/13,79.7,0.0,1001.9,1011.3,26.7,20.1,17.8,20.6,13.1,12.6
2017/02/14,80.3,0.0,1000.6,1010.0,25.6,22.1,18.2,18.3,14.4,12.0
2017/02/15,74.9,0.0,1002.2,1011.7,30.2,23.7,18.5,11.1,6.9,14.3
2017/02/16,75.2,0.0,1000.1,1009.5,30.8,24.1,19.1,16.5,9.4,16.9
2017/02/17,76.8,0.0,995.6,1004.9,31.8,24.7,18.0,25.9,10.7,11.5
2017/02/18,70.3,7.9,997.4,1006.8,32.4,22.5,17.5,37.0,17.2,13.9
2017/02/19,74.5,0.0,1003.0,1012.5,29.9,23.4,15.5,20.6,10.0,9.8
2017/02/20,74.8,0.0,1003.4,1012.8,32.6,25.2,17.5,16.5,11.1,10.4
2017/02/21,77.0,0.0,1002.4,1011.7,34.3,27.4,20.5,13.0,10.2,15.2
2017/02/22,75.9,0.0,1000.8,1010.1,34.5,25.2,19.5,16.5,11.1,12.6
2017/02/23,76.7,0.0,1000.0,1009.3,33.4,27.2,21.5,20.6,8.0,10.2
2017/02/24,73.7,0.0,1000.4,1009.7,34.8,27.4,21.2,9.4,6.5,12.4
2017/02/25,71.6,0.0,1000.4,1009.6,34.7,27.9,22.3,13.0,9.4,12.2
2017/02/26,75.8,0.0,1000.0,1009.2,35.0,26.7,21.0,29.4,12.0,11.5
2017/02/27,88.6,1.0,998.7,1008.0,33.8,23.6,21.5,18.3,8.7,10.6
2017/02/28,79.0,9.9,995.9,1005.3,31.7,24.9,18.5,11.1,7.2,8.1
2017/03/01,66.2,0.0,993.1,1002.4,33.0,24.8,20.2,24.1,7.8,12.4
2017/03/02,69.4,0.0,993.5,1002.7,34.0,25.1,18.5,33.5,14.6,11.3
2017/03/03,73.9,4.1,1002.4,1011.9,34.0,19.8,17.4,18.3,13.3,12.4
2017/03/04,65.6,2.0,1003.3,1012.9,24.0,19.5,16.2,14.8,11.3,12.4
2017/03/05,68.5,3.0,1002.5,1012.1,25.8,19.6,13.0,14.8,11.3,11.5
2017/03/06,73.2,0.0,1002.7,1012.2,27.6,20.1,13.3,11.1,8.3,13.5
2017/03/07,74.6,0.0,1005.8,1015.3,28.0,20.4,13.8,25.9,17.6,11.9
2017/03/08,85.7,0.0,998.7,1008.1,28.2,21.8,17.1,31.3,22.6,14.4
2017/03/09,68.6,54.1,991.4,1000.7,29.5,22.7,17.2,37.0,26.3,10.9
2017/03/10,54.3,0.0,1003.0,1012.6,26.8,17.6,11.0,22.2,14.3,15.6
2017/03/11,73.8,0.0,1002.1,1011.7,26.0,17.2,9.6,27.8,11.1,17.2
2017/03/12,55.3,0.0,1005.4,1014.9,27.0,17.6,10.8,25.9,16.3,14.3
2017/03/13,63.1,0.0,1004.1,1013.8,27.8,16.8,7.0,13.0,6.5,15.9
2017/03/14,61.1,0.0,1001.5,1011.0,29.1,20.2,11.4,24.1,13.0,13.9
2017/03/15,77.0,5.1,999.6,1009.0,29.6,18.7,16.5,20.6,13.9,11.5
2017/03/16,69.3,1.0,1007.8,1017.5,20.7,15.9,11.5,24.1,17.4,13.9
2017/03/17,66.8,0.0,1012.0,1021.8,23.5,14.8,6.3,7.6,3.3,13.5
2017/03/18,66.6,0.0,1010.9,1020.6,24.5,16.3,7.5,24.1,13.7,13.0
2017/03/19,70.1,0.0,1010.2,1019.9,25.8,17.4,9.5,22.2,14.4,12.8
2017/03/20,73.6,0.0,1011.0,1020.7,26.3,17.7,11.5,25.9,13.7,11.5
2017/03/21,74.6,0.0,1010.7,1020.3,26.4,19.1,13.7,18.3,12.2,11.7
2017/03/22,73.1,0.0,1008.7,1018.3,27.2,21.2,16.0,14.8,10.2,11.3
2017/03/23,87.1,0.0,1005.8,1015.3,27.9,20.2,14.2,11.1,8.3,6.5
2017/03/24,74.4,0.0,1003.0,1012.5,29.2,21.2,13.5,14.8,7.2,9.8
2017/03/25,70.2,0.0,1002.6,1012.1,30.5,22.9,15.8,27.8,15.7,13.0
2017/03/26,76.5,0.0,1001.6,1011.0,31.2,22.4,18.0,29.4,21.5,13.9
2017/03/27,72.0,0.0,1004.4,1013.9,30.3,23.6,16.6,20.6,13.9,15.6
2017/03/28,75.8,0.0,1007.8,1017.3,31.5,23.2,16.5,33.5,19.4,13.9
2017/03/29,69.2,0.0,1006.3,1015.8,30.2,22.0,15.5,37.0,25.4,13.7
2017/03/30,79.3,23.1,1001.5,1010.9,29.6,21.3,18.2,42.4,25.4,10.4
2017/03/31,80.3,3.0,1006.2,1015.6,27.8,22.6,18.5,27.8,18.5,11.3
2017/04/01,65.1,0.0,1010.1,1019.5,28.8,22.9,18.2,29.4,22.2,11.5
2017/04/02,85.4,0.0,1005.0,1014.5,28.5,18.9,16.5,38.9,23.5,10.6
2017/04/03,78.0,27.9,1005.3,1014.9,24.2,18.1,13.5,11.1,6.3,7.4
2017/04/04,80.8,0.0,1001.4,1011.0,25.6,17.7,11.5,11.1,8.1,7.8
2017/04/05,57.4,0.0,1002.4,1011.9,25.9,20.8,13.8,20.6,13.3,11.5
2017/04/06,56.0,0.0,1005.5,1015.1,27.7,18.0,8.3,27.8,13.7,13.1
2017/04/07,68.9,0.0,1001.3,1010.9,28.0,16.5,12.5,37.0,26.1,12.4
2017/04/08,94.8,46.0,1002.7,1012.3,26.5,14.9,12.7,27.8,16.7,6.9
2017/04/09,95.2,151.9,1000.7,1010.2,21.2,18.8,13.9,18.3,13.1,6.3
2017/04/10,94.4,50.0,998.1,1007.7,22.0,14.9,11.7,31.7,22.6,6.5
2017/04/11,74.1,69.1,1005.7,1015.4,20.4,16.2,11.5,18.3,13.9,11.5
2017/04/12,61.4,0.0,1015.9,1025.7,21.4,13.7,8.8,13.0,9.3,13.9
2017/04/13,61.9,0.0,1011.4,1021.2,22.1,14.7,6.2,22.2,14.3,13.9
2017/04/14,65.6,0.0,1009.2,1019.0,23.9,16.0,8.5,22.2,13.0,14.8
2017/04/15,75.2,0.0,1010.1,1019.8,24.5,16.2,10.5,16.5,10.7,11.3
2017/04/16,77.2,0.0,1015.5,1025.2,22.8,16.2,13.2,20.6,14.3,11.3
2017/04/17,72.0,0.0,1014.9,1024.7,20.6,14.7,9.8,14.8,13.0,13.9
2017/04/18,75.0,0.0,1012.1,1021.9,21.5,15.0,10.0,20.6,13.7,13.1
2017/04/19,85.1,0.0,1005.5,1015.2,21.0,16.4,12.5,7.6,5.6,11.3
2017/04/20,69.9,0.0,1000.7,1010.3,24.2,17.6,9.5,18.3,9.8,10.6
2017/04/21,56.5,0.0,1003.0,1012.6,25.0,18.2,14.5,24.1,15.4,17.2
2017/04/22,74.4,0.0,1009.1,1019.0,21.6,11.5,5.0,14.8,6.3,16.1
2017/04/23,65.1,0.0,1008.5,1018.3,24.4,13.9,6.5,25.9,14.8,11.9
2017/04/24,75.1,34.0,1003.7,1013.3,24.7,17.1,10.8,16.5,10.6,12.8
2017/04/25,90.3,0.0,999.2,1008.9,21.2,13.5,12.2,18.3,10.7,11.5
2017/04/26,58.3,9.9,1000.7,1010.5,16.2,12.3,7.2,31.7,20.4,11.5
2017/04/27,55.4,0.0,1005.8,1015.6,21.5,13.9,5.8,22.2,13.1,13.9
2017/04/28,56.8,0.0,1007.4,1017.1,24.8,15.8,8.0,13.0,8.9,15.6
2017/04/29,63.9,0.0,1009.9,1019.6,26.4,15.9,8.7,24.1,10.9,12.4
2017/04/30,65.2,0.0,1010.1,1019.8,27.1,16.4,7.9,18.3,12.2,12.6
2017/05/01,56.5,0.0,1008.5,1018.3,27.2,16.5,9.0,35.2,20.2,15.2
2017/05/02,69.2,0.0,1005.0,1014.6,27.5,16.5,9.2,33.5,20.4,13.9
2017/05/03,73.6,0.0,1008.4,1018.0,25.9,19.4,13.2,16.5,8.1,12.4
2017/05/04,76.1,0.0,1006.2,1015.7,26.3,18.6,9.5,37.0,13.0,12.2
2017/05/05,76.2,0.0,1005.0,1014.5,27.4,19.1,13.5,24.1,12.6,11.7
2017/05/06,74.4,0.0,1003.6,1013.2,27.5,19.6,14.4,37.0,25.0,12.4
2017/05/07,85.2,0.0,999.5,1009.0,26.5,20.3,15.5,31.7,24.4,13.5
2017/05/08,82.7,34.0,1001.1,1010.7,25.5,18.3,15.4,31.7,15.9,10.9
2017/05/09,69.4,11.9,1010.9,1020.7,20.6,13.6,8.4,13.0,8.9,15.6
2017/05/10,71.4,0.0,1015.1,1025.0,19.9,13.0,7.0,25.9,15.0,15.6
2017/05/11,81.4,0.8,1011.2,1021.0,17.8,10.9,8.8,22.2,16.9,12.0
2017/05/12,92.2,18.0,1004.1,1014.0,14.0,12.4,8.0,25.9,16.7,9.4
2017/05/13,92.3,20.1,1003.1,1012.8,15.4,13.5,11.5,13.0,10.9,7.4
2017/05/14,83.1,0.0,1005.1,1014.9,16.8,14.4,10.2,18.3,8.3,13.0
2017/05/15,82.1,0.0,1009.6,1019.4,17.0,14.2,11.2,14.8,9.6,11.9
2017/05/16,82.1,0.0,1009.2,1019.0,18.9,11.4,3.4,14.8,6.9,8.0
2017/05/17,80.8,0.0,1006.4,1016.1,18.6,13.3,7.0,20.6,13.7,12.8
2017/05/18,88.1,4.1,1001.9,1011.6,19.2,13.9,10.5,16.5,12.6,10.4
2017/05/19,93.3,8.9,995.5,1005.1,15.3,12.7,10.0,18.3,12.0,9.3
2017/05/20,91.4,4.1,997.0,1006.8,12.8,9.8,7.5,29.4,14.6,7.8
2017/05/21,81.1,1.0,1000.0,1009.8,18.6,12.8,8.3,18.3,13.1,10.0
2017/05/22,78.1,0.0,1005.1,1014.9,22.1,13.1,7.0,24.1,11.5,13.1
2017/05/23,80.5,0.0,1006.3,1016.0,22.4,15.3,10.1,16.5,12.8,11.5
2017/05/24,83.7,0.0,1003.0,1012.7,21.2,14.4,8.5,11.1,5.6,7.2
2017/05/25,92.7,0.0,1002.1,1011.7,20.5,13.9,9.8,11.1,8.7,8.9
2017/05/26,70.5,0.0,1009.7,1019.5,16.2,12.9,7.7,31.7,19.4,11.5
2017/05/27,72.0,0.0,1019.4,1029.3,16.7,9.2,5.5,20.6,12.8,16.5
2017/05/28,74.6,0.0,1016.7,1026.7,14.4,9.4,5.0,13.0,11.1,12.0
2017/05/29,82.1,0.0,1014.9,1024.9,15.3,9.2,4.0,16.5,10.2,8.5
2017/05/30,82.3,0.0,1016.4,1026.4,15.2,8.3,1.4,11.1,6.3,11.3
2017/05/31,82.1,0.0,1015.1,1025.1,14.9,8.9,4.5,18.3,7.8,11.3
2017/06/01,80.6,0.0,1011.0,1021.0,15.2,6.9,0.6,13.0,6.7,9.8
2017/06/02,77.9,0.0,1009.4,1019.3,17.5,8.1,2.4,20.6,9.1,11.5
2017/06/03,81.3,0.0,1003.3,1013.2,17.9,10.1,3.2,18.3,13.9,10.7
2017/06/04,80.5,0.0,1005.5,1015.4,18.3,8.6,2.0,18.3,8.0,9.4
2017/06/05,61.4,0.0,1010.8,1020.8,17.5,7.7,3.1,11.1,5.4,13.9
2017/06/06,70.5,0.0,1008.8,1018.8,15.8,7.2,0.5,18.3,7.0,13.9
2017/06/07,73.5,0.0,1002.1,1012.0,16.1,7.9,1.0,24.1,10.9,12.6
2017/06/08,80.9,0.0,1001.5,1011.4,16.8,9.2,4.0,22.2,15.0,11.1
2017/06/09,68.3,0.3,1006.7,1016.6,17.0,9.6,2.2,37.0,19.6,14.8
2017/06/10,65.6,0.0,1003.2,1013.0,21.4,12.8,6.2,22.2,14.1,13.9
2017/06/11,61.5,0.0,1005.3,1015.2,21.6,9.8,3.0,24.1,12.0,12.6
2017/06/12,66.3,0.0,1009.2,1019.2,15.9,5.5,-2.7,27.8,11.3,13.1
2017/06/13,78.9,0.0,1007.6,1017.5,19.3,8.6,-0.7,9.4,5.2,11.9
2017/06/14,82.2,0.0,1010.1,1020.0,19.6,11.9,2.5,29.4,15.9,9.4
2017/06/15,92.0,0.0,1003.1,1012.9,19.8,14.6,6.0,31.7,21.5,8.7
2017/06/16,90.2,0.0,994.5,1004.0,22.4,20.4,12.0,33.5,21.9,10.0
2017/06/17,79.1,0.0,993.0,1002.4,23.0,18.0,14.2,40.7,16.5,12.6
2017/06/18,50.4,0.0,1007.9,1017.8,21.5,7.6,4.6,35.2,24.8,17.2
2017/06/19,62.8,0.0,1016.5,1026.7,11.5,3.8,-4.3,18.3,10.2,14.3
2017/06/20,61.2,0.0,1015.8,1025.9,13.0,4.7,-3.8,27.8,12.0,13.1
2017/06/21,68.1,0.0,1009.4,1019.4,15.2,8.6,-0.2,25.9,18.9,12.0
2017/06/22,80.3,0.0,999.0,1009.1,20.6,13.6,5.0,42.4,26.5,11.7
2017/06/23,80.4,0.0,999.7,1009.3,23.6,18.6,11.1,20.6,10.4,13.5
2017/06/24,85.1,0.0,1003.8,1013.4,24.2,16.2,12.5,22.2,18.3,9.8
2017/06/25,74.8,0.0,1002.0,1011.5,25.3,20.3,12.6,35.2,25.9,11.5
2017/06/26,77.7,0.0,1000.7,1010.2,25.5,19.4,17.0,29.4,22.2,12.8
2017/06/27,88.8,10.9,1002.5,1012.1,21.5,14.7,11.7,27.8,18.7,8.0
2017/06/28,91.4,1.0,1012.2,1022.1,14.2,9.7,7.2,24.1,14.1,9.3
2017/06/29,88.0,0.0,1010.3,1020.3,15.8,9.2,2.5,18.3,7.6,8.9
2017/06/30,66.4,0.0,1012.6,1022.4,17.5,12.8,7.6,16.5,6.7,11.5
2017/07/01,81.5,0.0,1016.4,1026.3,18.9,9.6,4.5,24.1,9.6,9.1
2017/07/02,76.1,0.0,1016.5,1026.4,19.5,11.3,3.8,38.9,23.7,8.5
2017/07/03,71.0,0.0,1012.9,1022.7,20.5,12.7,7.0,38.9,29.4,15.2
2017/07/04,76.1,0.0,1007.4,1017.2,20.8,14.7,7.6,46.5,34.4,12.6
2017/07/05,80.3,5.1,1006.2,1016.0,21.0,13.5,11.3,37.0,28.5,10.6
2017/07/06,90.3,0.3,1012.6,1022.6,14.0,8.7,5.0,14.8,6.9,11.7
2017/07/07,95.9,1.0,1014.1,1024.1,10.5,8.6,6.2,24.1,16.1,6.5
2017/07/08,92.1,22.1,1009.6,1019.5,11.1,10.6,7.8,22.2,13.1,9.4
2017/07/09,88.7,0.0,1010.4,1020.4,12.0,10.2,8.0,9.4,5.0,11.1
2017/07/10,81.4,0.0,1013.8,1023.7,13.8,10.7,8.9,18.3,13.1,11.5
2017/07/11,76.4,0.0,1016.2,1026.2,14.2,8.1,3.0,24.1,14.6,11.5
2017/07/12,93.6,1.0,1007.8,1017.6,16.2,12.4,4.5,27.8,20.4,6.1
2017/07/13,90.9,0.0,1001.2,1010.9,18.8,16.8,11.4,20.6,15.0,8.7
2017/07/14,81.8,0.0,1005.2,1014.9,20.5,11.2,8.6,22.2,17.0,12.6
2017/07/15,85.5,0.0,997.0,1006.7,13.3,11.2,9.7,42.4,18.0,7.2
2017/07/16,65.8,0.8,1013.6,1023.7,12.3,5.4,2.5,31.7,26.7,13.9
2017/07/17,60.1,0.0,1020.5,1030.8,10.0,3.1,-2.5,24.1,15.0,13.0
2017/07/18,61.3,0.0,1017.5,1027.7,16.2,5.0,-2.0,18.3,11.1,14.6
2017/07/19,61.7,0.0,1011.6,1021.7,16.5,6.8,0.0,20.6,13.7,11.5
2017/07/20,63.1,0.0,1006.7,1016.7,18.0,8.3,-1.2,14.8,10.0,14.3
2017/07/21,70.6,0.0,1010.0,1019.9,18.4,10.2,2.2,18.3,11.9,15.2
2017/07/22,68.4,0.0,1006.1,1016.0,19.3,10.2,3.3,37.0,23.0,11.9
2017/07/23,79.8,0.0,1001.3,1011.1,19.8,10.5,4.2,24.1,14.1,10.9
2017/07/24,75.9,0.0,1008.5,1018.3,18.0,11.8,7.4,24.1,19.3,11.5
2017/07/25,64.3,0.0,1013.1,1023.0,15.8,10.4,5.0,35.2,21.3,13.7
2017/07/26,84.8,0.0,1010.5,1020.4,17.0,12.8,7.0,18.3,9.8,7.2
2017/07/27,84.3,0.0,1007.6,1017.3,24.1,16.7,11.6,27.8,13.5,3.5
2017/07/28,64.9,0.0,1002.3,1011.8,25.2,19.7,14.8,37.0,24.8,12.4
2017/07/29,81.3,0.0,1004.6,1014.2,26.5,16.9,14.0,27.8,15.0,11.7
2017/07/30,79.8,0.0,1014.8,1024.7,19.4,10.2,7.2,31.7,25.9,10.4
2017/07/31,87.9,0.0,1015.2,1025.1,11.2,9.0,6.3,20.6,16.7,11.5
2017/08/01,91.8,0.5,1009.8,1019.7,13.0,11.3,7.5,20.6,12.8,6.9
2017/08/02,77.0,0.0,1013.2,1023.1,15.0,11.7,8.0,16.5,10.4,13.7
2017/08/03,72.7,0.0,1013.3,1023.3,18.0,8.1,-1.0,14.8,8.3,13.1
2017/08/04,77.5,0.0,1014.0,1024.0,18.8,9.1,0.5,20.6,11.9,10.2
2017/08/05,72.8,0.0,1009.4,1019.3,20.0,11.6,3.6,46.5,26.7,11.7
2017/08/06,81.1,0.0,1005.7,1015.5,21.8,13.3,7.2,18.3,13.0,11.5
2017/08/07,77.2,0.0,1002.1,1011.7,23.0,16.5,8.5,46.5,21.3,11.1
2017/08/08,78.4,10.9,1005.3,1015.1,23.3,13.2,9.5,27.8,21.1,13.9
2017/08/09,81.5,0.0,1008.8,1018.6,17.1,11.8,8.2,38.9,20.2,12.6
2017/08/10,85.4,2.0,1006.1,1015.8,16.5,12.6,10.0,35.2,26.1,12.8
2017/08/11,92.4,41.9,998.4,1008.1,15.5,14.5,11.8,27.8,17.2,9.8
2017/08/12,79.0,8.9,1001.1,1010.8,15.8,13.0,9.5,33.5,25.0,11.3
2017/08/13,63.7,0.0,1005.4,1015.3,17.6,9.7,-0.5,18.3,10.0,13.9
2017/08/14,54.7,0.0,1004.1,1014.0,18.6,11.9,3.8,22.2,11.9,15.6
2017/08/15,69.6,0.0,1006.8,1016.6,18.5,10.7,6.0,31.3,14.4,13.0
2017/08/16,64.7,0.0,1012.9,1022.8,20.2,9.8,1.7,11.1,6.3,9.8
2017/08/17,66.6,0.0,1006.6,1016.4,21.5,11.6,4.7,20.6,15.7,14.4
2017/08/18,70.8,0.0,998.6,1008.2,24.2,15.7,8.6,50.0,24.1,13.0
2017/08/19,55.2,8.9,1001.1,1010.7,24.5,15.3,10.4,20.6,15.6,12.0
2017/08/20,48.4,0.0,1014.2,1024.1,18.2,10.7,6.0,22.2,13.7,13.5
2017/08/21,58.4,0.0,1015.5,1025.4,19.0,9.9,1.0,42.4,24.3,11.5
2017/08/22,55.7,0.0,1004.1,1013.8,20.2,12.5,6.3,51.9,38.7,12.6
2017/08/23,74.9,0.0,999.7,1009.4,19.2,14.2,9.0,27.8,17.4,13.9
2017/08/24,84.8,0.0,998.5,1008.2,22.5,16.1,11.0,18.3,12.0,11.9
2017/08/25,91.2,0.0,999.4,1009.0,23.5,16.9,13.2,27.8,17.6,6.1
2017/08/26,64.8,0.0,1005.7,1015.4,19.5,15.0,10.2,24.1,17.2,12.4
2017/08/27,90.4,0.0,1005.5,1015.2,20.8,15.2,11.4,24.1,17.2,9.3
2017/08/28,90.0,0.0,1001.3,1010.9,21.2,17.9,13.6,27.8,20.6,8.1
2017/08/29,87.6,0.0,1001.1,1010.7,22.6,16.1,12.5,38.9,20.7,7.8
2017/08/30,60.1,0.0,1013.3,1023.2,15.5,10.0,3.7,24.1,13.9,13.9
2017/08/31,63.8,0.0,1012.9,1022.9,18.4,10.3,2.0,37.0,20.7,13.9
2017/09/01,65.5,0.0,1004.5,1014.2,23.9,15.6,8.0,31.7,22.0,12.6
2017/09/02,82.8,0.0,1002.2,1011.8,24.5,16.9,10.4,33.5,18.5,11.1
2017/09/03,88.6,0.0,1002.5,1012.2,21.2,12.9,10.2,27.8,22.0,7.2
2017/09/04,66.1,2.0,1011.4,1021.3,16.2,11.4,6.0,25.9,20.7,11.9
2017/09/05,56.9,0.0,1016.2,1026.2,17.0,10.4,1.8,20.6,12.0,12.2
2017/09/06,66.9,0.0,1009.9,1019.7,19.2,11.6,6.0,35.2,20.2,13.9
2017/09/07,69.9,0.0,1008.2,1018.1,21.0,12.3,4.0,20.6,10.7,10.9
2017/09/08,81.9,0.0,1004.9,1014.7,20.5,12.2,8.5,22.2,13.3,8.0
2017/09/09,94.4,3.0,1002.6,1012.3,16.6,14.4,10.4,22.2,15.9,4.8
2017/09/10,95.8,15.0,994.8,1004.3,17.5,16.0,11.7,25.9,15.6,7.8
2017/09/11,62.6,45.0,1001.4,1011.1,16.0,11.5,6.7,40.7,29.3,13.9
2017/09/12,67.9,0.0,1013.1,1023.1,19.2,11.4,3.2,16.5,9.8,13.1
2017/09/13,72.9,0.0,1008.9,1018.7,20.3,12.5,7.0,18.3,9.6,15.2
2017/09/14,62.9,0.0,1004.3,1014.1,20.1,14.8,10.0,25.9,13.9,12.6
2017/09/15,63.3,0.0,1018.6,1028.5,21.0,11.2,6.0,22.2,14.6,14.3
2017/09/16,63.9,0.0,1020.6,1030.6,18.2,10.9,3.0,11.1,6.7,10.4
2017/09/17,63.7,0.0,1016.1,1025.9,21.6,13.0,5.5,31.3,17.8,12.4
2017/09/18,63.7,0.0,1010.9,1020.6,24.2,15.1,7.0,35.2,22.8,14.4
2017/09/19,61.4,0.0,1005.7,1015.3,25.7,17.5,10.1,46.5,31.3,16.9
2017/09/20,76.5,0.0,1002.8,1012.4,26.3,17.3,14.5,29.4,19.8,13.1
2017/09/21,78.0,25.9,1013.0,1022.8,22.5,12.2,9.0,20.6,15.4,10.7
2017/09/22,67.6,0.0,1011.7,1021.6,18.2,10.1,2.5,13.0,5.7,7.8
2017/09/23,66.0,0.0,1012.5,1022.4,21.8,13.3,3.4,25.9,11.1,11.9
2017/09/24,69.7,0.0,1009.6,1019.4,23.0,13.8,7.0,42.4,23.2,15.4
2017/09/25,72.5,0.0,1009.0,1018.6,24.0,17.8,12.8,20.6,10.9,13.9
2017/09/26,81.9,20.1,1009.4,1019.1,25.2,12.5,7.6,40.7,28.7,10.7
2017/09/27,67.4,7.9,1012.6,1022.6,15.2,10.6,6.2,31.7,24.8,12.6
2017/09/28,77.9,0.0,1015.0,1024.9,17.0,11.6,5.6,24.1,17.2,12.6
2017/09/29,83.7,0.3,1009.4,1019.2,17.4,14.5,10.1,33.5,21.5,13.9
2017/09/30,86.4,0.0,997.6,1007.2,20.5,16.6,12.7,24.1,19.8,12.0
2017/10/01,76.0,20.1,992.5,1002.0,21.5,16.1,12.6,35.2,16.5,11.9
2017/10/02,62.9,0.0,995.6,1005.2,18.2,13.8,9.0,20.6,15.6,14.3
2017/10/03,57.8,0.0,998.6,1008.2,19.2,15.6,10.6,20.6,10.4,13.9
2017/10/04,55.2,0.0,992.0,1001.4,24.6,18.6,11.5,38.9,26.9,13.9
2017/10/05,47.3,0.0,991.7,1001.1,25.0,19.3,14.2,35.2,17.4,15.2
2017/10/06,51.7,0.0,1006.8,1016.5,22.5,14.7,8.0,27.8,15.2,15.6
2017/10/07,57.5,0.0,1012.2,1022.0,21.4,14.3,6.5,35.2,21.9,14.6
2017/10/08,78.0,0.0,1005.3,1015.0,22.2,14.2,10.0,,28.0,13.1
2017/10/09,66.5,1.0,1002.9,1012.5,21.7,15.9,9.0,22.2,16.3,10.0
2017/10/10,51.8,0.0,1005.5,1015.1,22.5,15.0,11.2,20.6,12.6,14.4
2017/10/11,65.0,0.0,1008.2,1018.0,19.4,14.4,10.5,24.1,17.6,12.6
2017/10/12,74.2,11.9,1011.5,1021.3,20.5,12.1,9.5,22.2,19.1,10.0
2017/10/13,62.9,18.0,1013.1,1023.0,16.0,12.6,9.5,18.3,10.9,11.5
2017/10/14,60.9,0.0,1011.0,1020.8,23.2,13.6,3.5,18.3,9.4,14.6
2017/10/15,50.0,0.0,1009.2,1018.8,25.5,17.1,8.2,38.9,17.6,13.1
2017/10/16,58.8,0.0,1004.0,1013.6,26.1,17.8,9.2,38.9,24.1,15.6
2017/10/17,69.0,0.0,1000.0,1009.5,29.2,20.8,13.0,29.4,16.7,15.2
2017/10/18,85.2,,997.7,1007.1,29.6,20.1,16.0,37.0,21.3,9.8
2017/10/19,58.9,59.9,1005.9,1015.5,27.5,15.7,8.5,25.9,12.4,14.6
2017/10/20,66.5,0.0,1002.2,1011.9,23.4,15.9,8.5,37.0,20.4,13.1
2017/10/21,60.6,0.5,1006.4,1016.1,23.5,16.0,10.0,22.2,17.0,13.7
2017/10/22,61.2,0.0,1014.5,1024.3,20.0,11.8,6.0,29.4,12.8,13.5
2017/10/23,60.0,0.0,1008.1,1018.0,22.8,14.6,6.5,37.0,24.3,15.2
2017/10/24,55.9,0.0,1004.7,1014.3,25.4,17.3,10.6,22.2,15.6,14.4
2017/10/25,59.4,0.0,1002.6,1012.2,27.2,19.4,11.5,13.0,9.4,13.9
2017/10/26,66.5,0.0,999.7,1009.1,28.0,20.4,12.6,22.2,11.3,10.4
2017/10/27,73.0,21.1,1001.0,1010.6,28.5,17.5,13.0,29.4,18.3,11.9
2017/10/28,69.6,0.0,999.8,1009.4,23.8,17.2,10.0,27.8,16.7,13.7
2017/10/29,74.3,0.5,998.6,1008.1,25.0,18.8,14.8,38.9,18.1,12.8
2017/10/30,66.3,5.1,1003.4,1013.0,26.0,16.0,10.0,16.5,11.3,11.3
2017/10/31,48.9,0.0,1006.5,1016.2,25.9,17.3,9.0,20.6,10.9,13.9
2017/11/01,54.0,2.0,1004.3,1013.8,26.6,18.8,13.8,40.7,24.3,12.6
2017/11/02,74.2,11.9,999.4,1008.9,25.2,18.1,15.1,31.7,18.5,12.0
2017/11/03,67.6,0.0,1000.2,1009.8,23.6,17.7,13.0,24.1,13.9,12.4
2017/11/04,62.0,0.0,1003.9,1013.5,22.1,16.3,10.6,20.6,10.9,13.5
2017/11/05,52.5,0.0,1006.5,1016.1,26.0,19.2,11.2,22.2,12.4,13.9
2017/11/06,62.5,0.0,1007.5,1017.0,26.6,19.5,14.2,20.6,12.4,14.8
2017/11/07,74.8,0.0,1004.0,1013.6,27.3,18.4,17.2,25.9,20.2,11.9
2017/11/08,78.7,3.0,1000.6,1010.1,22.2,18.8,14.7,24.1,18.1,11.3
2017/11/09,53.2,0.0,1002.4,1011.9,26.0,18.8,10.5,20.6,11.7,15.7
2017/11/10,56.3,0.0,1002.4,1011.9,27.0,20.7,14.5,27.8,18.5,13.9
2017/11/11,44.5,0.0,1003.9,1013.4,27.2,19.5,11.0,22.2,14.4,15.6
2017/11/12,42.7,0.0,1001.7,1011.3,30.4,20.1,9.0,14.8,7.2,13.9
2017/11/13,44.9,0.0,1000.6,1010.0,34.0,24.3,14.5,27.8,18.5,15.9
2017/11/14,43.0,0.0,998.0,1007.3,35.4,25.8,17.3,37.0,25.2,15.6
2017/11/15,47.6,0.0,992.7,1002.0,34.7,23.8,19.0,48.2,24.8,12.2
2017/11/16,50.0,0.0,1003.7,1013.3,31.5,16.6,6.5,38.9,16.3,14.4
2017/11/17,48.8,0.0,998.3,1007.8,24.5,17.6,10.5,27.8,19.4,13.0
2017/11/18,44.8,0.0,1003.3,1013.0,24.7,14.2,6.3,25.9,17.8,13.5
2017/11/19,43.4,0.0,998.5,1008.1,23.8,16.7,8.5,27.8,15.2,17.2
2017/11/20,69.2,2.0,1002.2,1011.8,25.0,14.1,11.0,38.9,22.4,12.4
2017/11/21,51.8,10.9,1006.4,1016.1,22.7,16.6,9.5,22.2,13.1,13.1
2017/11/22,52.3,0.0,1002.8,1012.4,28.0,18.6,9.2,25.9,15.2,14.6
2017/11/23,47.2,0.0,995.5,1004.9,29.0,22.3,15.5,29.4,15.6,16.9
2017/11/24,42.6,0.0,1006.5,1016.2,29.8,14.4,5.1,33.5,14.8,12.0
2017/11/25,46.8,0.0,1006.8,1016.5,27.1,16.3,5.2,14.8,7.6,13.7
2017/11/26,42.9,0.0,1000.8,1010.3,31.1,21.3,12.4,20.6,9.6,13.9
2017/11/27,37.6,0.0,1003.8,1013.3,33.0,20.5,15.7,31.7,21.9,12.4
2017/11/28,44.7,0.0,1010.4,1020.1,26.0,16.9,8.0,25.9,17.8,11.5
2017/11/29,52.3,0.0,1004.2,1013.8,29.6,21.3,14.2,29.4,21.3,11.5
2017/11/30,56.0,0.0,1001.4,1010.8,31.8,23.5,17.3,25.9,11.1,13.5
2017/12/01,51.7,0.0,1001.4,1010.8,32.5,23.4,15.7,27.8,16.7,13.5
2017/12/02,58.8,0.0,1001.7,1011.1,31.4,23.3,17.3,16.5,10.9,15.6
2017/12/03,78.3,21.1,1003.2,1012.6,29.4,20.2,17.0,24.1,16.7,10.6
2017/12/04,67.5,0.0,1008.7,1018.3,25.5,19.6,14.2,20.6,17.4,13.5
2017/12/05,56.5,0.0,1007.5,1017.1,28.3,21.6,13.2,27.8,14.6,13.9
2017/12/06,59.6,0.0,1002.3,1011.7,30.3,23.2,15.5,16.5,11.9,13.9
2017/12/07,53.0,0.0,999.4,1008.7,33.5,24.8,15.0,9.4,6.7,15.7
2017/12/08,53.4,0.0,997.2,1006.5,34.5,25.7,18.0,29.4,21.3,11.7
2017/12/09,44.0,0.0,997.3,1006.6,34.1,25.4,16.5,24.1,12.0,13.9
2017/12/10,42.6,0.0,998.4,1007.7,34.5,23.1,11.6,31.7,15.7,15.2
2017/12/11,52.2,0.0,1006.8,1016.3,32.0,16.6,10.0,18.3,14.1,14.4
2017/12/12,42.5,0.0,1001.2,1010.7,32.2,22.2,11.5,29.4,23.0,11.9
2017/12/13,60.1,1.0,1000.1,1009.5,33.0,21.7,16.5,22.2,12.6,12.2
2017/12/14,60.8,4.1,1002.4,1011.9,32.0,22.4,12.7,27.8,11.7,11.5
2017/12/15,46.7,0.0,1000.0,1009.3,34.6,25.6,16.0,27.8,13.0,14.3
2017/12/16,55.3,0.0,991.7,1000.9,36.0,27.2,19.8,53.5,30.9,15.9
2017/12/17,49.0,4.1,1000.1,1009.5,34.2,21.0,15.0,51.9,27.4,12.4
2017/12/18,47.7,0.0,1011.2,1020.8,23.9,17.7,9.5,35.2,21.7,13.9
2017/12/19,76.6,15.0,1007.9,1017.5,25.2,16.4,13.6,31.7,15.9,11.9
2017/12/20,68.6,3.0,1002.6,1012.1,29.6,21.1,13.5,31.3,19.8,13.9
2017/12/21,68.0,0.0,998.7,1008.1,31.0,24.4,21.0,16.5,13.3,14.4
2017/12/22,64.9,0.0,997.4,1006.7,33.0,25.2,17.0,13.0,6.5,13.3
2017/12/23,64.1,21.1,1001.0,1010.4,34.2,21.3,18.0,25.9,16.9,12.0
2017/12/24,58.4,0.0,1005.9,1015.4,25.5,19.1,11.0,24.1,15.0,13.5
2017/12/25,59.5,0.0,1000.7,1010.1,31.7,22.4,13.5,20.6,13.5,13.9
2017/12/26,,,,,,,,,,
2017/12/27,,,,,,,,,,
2017/12/28,,,,,,,,,,
2017/12/29,,,,,,,,,,
2017/12/30,,,,,,,,,,
2017/12/31,,,,,,,,,,
2018/01/01,50.8,0.0,1001.7,1011.2,28.5,20.6,13.5,14.8,10.7,15.2
2018/01/02,50.0,0.0,997.7,1007.2,29.5,21.9,12.6,27.8,12.8,13.9
2018/01/03,43.5,0.0,996.6,1006.0,32.2,23.1,12.5,25.9,13.0,15.6
2018/01/04,55.0,0.0,993.8,1003.1,35.1,25.3,17.0,20.6,12.2,12.8
2018/01/05,74.9,7.1,997.1,1006.4,35.7,21.1,16.6,33.5,17.0,10.6
2018/01/06,51.6,5.1,1006.3,1015.9,27.3,20.3,11.5,22.2,12.4,13.1
2018/01/07,55.9,0.0,1006.1,1015.6,31.0,22.2,12.8,14.8,10.6,15.2
2018/01/08,52.8,0.0,1007.1,1016.5,32.4,24.9,16.2,25.9,15.0,15.6
2018/01/09,48.1,0.0,1006.5,1015.9,33.0,24.8,16.0,25.9,17.6,15.6
2018/01/10,55.7,0.0,1004.2,1013.6,34.5,26.4,19.0,22.2,13.1,15.2
2018/01/11,59.5,0.0,1002.4,1011.6,36.0,29.0,21.7,16.5,11.5,13.9
2018/01/12,67.5,5.1,998.7,1007.9,36.8,26.4,21.3,24.1,14.1,13.9
2018/01/13,81.8,15.0,997.1,1006.5,32.8,23.0,20.0,29.4,15.9,14.1
2018/01/14,59.0,50.0,1002.4,1011.9,25.6,19.4,15.3,25.9,18.7,13.9
2018/01/15,63.5,0.0,1003.0,1012.6,26.7,19.8,12.7,11.1,8.7,13.9
2018/01/16,66.4,0.0,1004.9,1014.4,28.6,22.5,16.0,18.3,9.3,15.6
2018/01/17,76.8,16.0,1003.3,1012.8,30.0,21.1,18.4,42.4,13.5,13.0
2018/01/18,67.7,5.1,1003.0,1012.5,31.2,22.7,14.5,20.6,9.1,15.2
2018/01/19,60.1,0.0,1003.7,1013.1,32.0,25.0,18.3,13.0,9.3,15.6
2018/01/20,58.0,0.0,1002.8,1012.1,32.7,26.1,18.5,20.6,13.7,15.2
2018/01/21,59.3,0.0,999.0,1008.3,33.0,25.3,16.5,14.8,7.8,13.9
2018/01/22,62.7,0.0,994.9,1004.1,34.5,25.2,17.3,11.1,5.0,13.9
2018/01/23,64.5,0.0,993.3,1002.5,33.2,26.1,18.5,20.6,11.9,13.9
2018/01/24,50.9,0.0,1003.4,1012.8,34.5,21.9,14.4,25.9,20.4,15.9
2018/01/25,55.9,0.0,1008.3,1017.9,25.5,19.0,11.5,24.1,16.9,15.6
2018/01/26,59.6,0.0,1004.1,1013.6,30.0,22.8,15.7,38.9,24.3,13.9
2018/01/27,73.8,8.9,999.1,1008.5,31.0,22.1,17.1,22.2,15.7,13.3
2018/01/28,53.5,0.0,1000.3,1009.7,31.4,24.0,15.2,22.2,10.9,12.4
2018/01/29,51.6,0.0,1002.0,1011.4,32.5,22.2,12.6,27.8,18.7,15.6
2018/01/30,59.0,0.0,998.6,1008.0,32.2,23.3,15.0,27.8,18.5,13.9
2018/01/31,57.7,0.0,1002.0,1011.3,33.4,26.6,19.6,13.0,8.7,14.6
2018/02/01,60.3,0.0,1003.5,1012.8,34.5,26.2,18.5,13.0,6.5,15.6
2018/02/02,60.8,0.0,1002.7,1012.1,34.3,26.3,18.0,18.3,6.7,14.6
2018/02/03,60.3,0.0,1002.5,1011.8,35.2,24.4,15.9,22.2,15.2,14.4
2018/02/04,62.2,0.0,1002.3,1011.7,33.0,25.0,17.0,16.5,11.9,13.9
2018/02/05,59.2,0.0,1001.3,1010.5,34.5,26.5,18.2,18.3,11.7,13.9
2018/02/06,57.0,0.0,998.8,1008.1,35.5,26.9,18.2,25.9,13.1,15.2
2018/02/07,57.0,0.0,997.4,1006.7,35.5,26.1,17.8,14.8,9.1,15.9
2018/02/08,58.9,0.0,995.2,1004.4,36.5,27.2,16.5,14.8,3.7,13.9
2018/02/09,66.8,43.9,995.0,1004.2,36.4,24.1,18.5,40.7,13.7,9.8
2018/02/10,51.5,0.0,1002.3,1011.8,28.8,22.0,14.5,24.1,10.4,15.6
2018/02/11,45.4,0.3,1009.8,1019.3,29.4,19.5,13.0,33.5,22.8,14.1
2018/02/12,53.2,0.0,1012.7,1022.4,23.8,16.7,9.0,24.1,8.3,15.6
2018/02/13,57.3,0.0,1010.2,1019.9,26.6,17.9,8.3,27.8,11.5,15.6
2018/02/14,56.2,0.0,1009.0,1018.6,29.0,20.2,11.0,33.5,13.7,14.3
2018/02/15,58.4,0.0,1007.5,1017.0,30.4,22.6,13.9,33.5,17.2,16.9
2018/02/16,66.3,0.0,1006.0,1015.5,32.8,24.2,17.0,14.8,9.3,13.9
2018/02/17,62.5,0.0,1003.1,1012.5,33.5,25.4,16.5,14.8,9.3,12.6
2018/02/18,66.5,0.0,996.3,1005.6,34.2,26.2,18.0,9.4,5.0,13.9
2018/02/19,72.8,19.0,994.1,1003.4,34.6,23.7,18.0,18.3,11.3,11.3
2018/02/20,60.7,7.1,998.6,1008.1,30.6,21.1,13.6,25.9,14.3,13.9
2018/02/21,62.2,0.0,1005.0,1014.5,26.7,19.8,13.0,20.6,13.1,15.6
2018/02/22,65.7,0.0,1006.4,1015.9,27.5,19.8,11.8,11.1,6.3,15.6
2018/02/23,65.2,0.0,1006.9,1016.5,28.2,20.9,13.0,18.3,9.3,13.9
2018/02/24,68.2,0.0,1008.8,1018.3,29.0,21.4,15.8,20.6,15.6,13.1
2018/02/25,65.8,0.0,1008.5,1018.1,28.0,21.5,14.0,16.5,11.1,12.6
2018/02/26,68.5,0.0,1006.0,1015.5,31.5,21.9,17.0,16.5,11.1,13.9
2018/02/27,68.1,0.0,1002.3,1011.7,28.5,22.2,16.0,13.0,8.1,14.6
2018/02/28,74.6,0.0,1002.1,1011.6,30.5,22.2,18.5,14.8,9.3,12.6
2018/03/01,70.7,0.0,1003.4,1012.8,31.0,22.1,14.0,13.0,6.9,11.3
2018/03/02,58.9,0.0,1004.4,1013.8,31.9,24.3,15.6,11.1,6.5,14.1
2018/03/03,65.6,0.0,1001.8,1011.2,33.0,24.1,15.8,13.0,8.3,11.5
2018/03/04,66.2,0.0,998.5,1007.9,33.0,24.6,16.3,14.8,11.1,13.0
2018/03/05,65.0,7.9,1001.5,1010.9,33.5,22.1,18.2,24.1,18.3,12.0
2018/03/06,50.7,0.0,1008.0,1017.6,26.8,18.4,9.0,18.3,11.1,17.2
2018/03/07,58.1,0.0,1007.1,1016.8,27.5,16.6,8.5,20.6,10.0,16.5
2018/03/08,55.4,0.0,1002.9,1012.5,28.8,18.6,9.5,24.1,14.1,14.1
2018/03/09,51.6,0.0,999.7,1009.1,31.7,22.5,14.0,24.1,10.9,13.9
2018/03/10,57.3,,996.0,1005.4,33.5,23.9,14.5,25.9,16.5,13.5
2018/03/11,60.5,5.1,1003.3,1012.9,34.0,17.6,10.8,29.4,20.6,14.4
2018/03/12,59.8,0.0,1002.1,1011.7,27.6,16.4,8.0,27.8,12.6,16.5
2018/03/13,47.2,0.0,999.8,1009.3,28.0,19.2,12.0,22.2,13.7,15.6
2018/03/14,56.8,,997.4,1006.9,29.2,18.4,10.2,16.5,7.8,11.7
2018/03/15,49.3,6.1,1001.1,1010.6,30.5,17.2,9.5,44.6,16.5,14.3
2018/03/16,49.7,0.0,1002.1,1011.8,27.3,15.9,5.0,31.3,15.9,14.3
2018/03/17,64.9,0.0,995.9,1005.4,28.3,20.6,13.2,29.4,17.8,13.9
2018/03/18,70.5,34.0,993.5,1002.8,29.8,20.6,16.6,42.4,23.3,13.0
2018/03/19,49.7,0.0,1002.1,1011.8,25.2,16.0,6.1,14.8,9.8,13.9
2018/03/20,59.4,0.0,1003.8,1013.5,26.0,15.6,7.8,24.1,11.1,13.9
2018/03/21,59.3,0.0,1010.3,1020.0,22.9,14.6,7.0,24.1,15.2,15.2
2018/03/22,77.7,3.0,1001.5,1011.2,24.1,15.7,10.0,20.6,16.9,12.8
2018/03/23,71.6,0.0,995.8,1005.3,30.0,19.8,12.0,20.6,15.2,11.5
2018/03/24,61.5,0.0,1000.9,1010.4,31.2,17.9,10.5,24.1,14.3,12.6
2018/03/25,61.1,0.0,1010.6,1020.4,23.0,13.4,8.0,37.0,18.7,12.6
2018/03/26,55.8,0.0,1010.9,1020.8,23.0,12.7,3.8,27.8,12.8,15.2
2018/03/27,61.6,0.0,1009.2,1018.9,24.7,15.4,6.5,25.9,15.6,13.9
2018/03/28,65.8,0.0,1005.0,1014.6,28.2,18.1,9.7,22.2,13.0,11.3
2018/03/29,61.0,0.0,1003.7,1013.3,30.0,20.6,11.4,14.8,10.2,12.4
2018/03/30,62.8,0.0,1003.4,1012.8,32.6,22.4,13.6,11.1,6.9,11.5
2018/03/31,63.6,0.0,1001.5,1010.9,33.5,23.1,15.5,27.8,10.9,12.4
2018/04/01,93.3,8.9,1004.5,1014.0,33.2,19.1,16.7,22.2,18.1,9.3
2018/04/02,88.7,86.1,1007.0,1016.6,20.0,17.4,15.5,14.8,12.6,11.1
2018/04/03,79.7,0.0,1003.4,1013.1,24.7,17.6,10.5,14.8,5.7,7.2
2018/04/04,64.0,0.0,1001.0,1010.5,29.3,20.0,11.8,18.3,11.7,12.8
2018/04/05,67.6,0.0,1000.0,1009.5,29.8,20.9,12.5,14.8,8.7,13.9
2018/04/06,77.4,11.9,1004.6,1014.2,30.5,16.2,12.5,27.8,20.6,9.3
2018/04/07,92.7,18.0,1004.5,1014.2,19.5,15.2,12.5,16.5,12.0,7.0
2018/04/08,94.2,14.0,1006.2,1015.9,20.5,17.7,13.5,20.6,9.4,9.1
2018/04/09,79.8,11.9,1004.1,1013.7,28.4,21.1,15.0,27.8,16.5,11.5
2018/04/10,60.1,0.0,995.8,1005.0,32.4,26.1,17.0,33.5,25.6,14.6
2018/04/11,72.4,0.0,993.1,1002.3,33.0,24.3,22.3,25.9,19.3,12.0
2018/04/12,53.3,14.0,1007.5,1017.0,30.0,16.9,13.6,24.1,20.4,11.5
2018/04/13,49.2,0.0,1017.0,1026.9,21.5,12.2,4.0,18.3,10.0,15.4
2018/04/14,64.5,0.0,1016.3,1026.1,24.0,14.7,8.2,31.3,17.2,13.1
2018/04/15,66.1,0.0,1015.4,1025.1,26.6,18.5,11.6,31.3,19.8,15.2
2018/04/16,69.6,0.0,1011.2,1020.8,28.5,20.2,13.5,42.4,23.9,14.6
2018/04/17,72.0,0.0,1006.7,1016.3,29.5,20.6,13.6,14.8,12.2,13.9
2018/04/18,75.3,0.5,1005.4,1014.9,30.9,23.0,17.8,20.6,14.6,13.3
2018/04/19,65.5,0.0,1003.0,1012.4,32.4,24.7,17.5,14.8,10.9,12.6
2018/04/20,82.2,11.9,1001.0,1010.4,33.0,22.1,20.0,16.5,10.4,11.3
2018/04/21,87.7,2.0,1002.9,1012.4,25.5,20.1,15.6,16.5,7.4,8.7
2018/04/22,82.4,0.0,1000.8,1010.3,29.7,20.9,14.5,38.9,13.7,7.8
2018/04/23,90.9,30.0,1004.8,1014.4,31.5,17.8,14.3,33.5,15.4,10.9
2018/04/24,85.6,0.0,1009.8,1019.4,21.5,17.6,13.5,31.3,18.1,11.9
2018/04/25,88.0,1.0,1007.9,1017.5,24.4,20.5,13.7,18.3,10.6,10.2
2018/04/26,84.6,0.3,1003.5,1013.0,26.4,22.3,18.0,40.7,21.3,11.5
2018/04/27,81.8,0.0,1000.7,1010.1,27.5,22.8,19.2,24.1,15.4,11.7
2018/04/28,84.9,13.0,1006.0,1015.5,28.0,17.4,15.0,22.2,17.2,11.3
2018/04/29,95.9,74.9,1003.5,1013.1,19.9,18.4,16.2,16.5,10.0,9.1
2018/04/30,79.2,19.0,1007.2,1016.8,20.1,18.3,16.2,24.1,13.0,10.6
2018/05/01,88.9,5.1,1011.0,1020.7,20.3,12.7,10.8,22.2,16.1,10.6
2018/05/02,93.4,9.9,1006.6,1016.4,17.5,15.2,10.8,22.2,15.0,10.6
2018/05/03,89.0,31.0,1004.7,1014.3,21.0,17.2,14.7,14.8,10.7,7.8
2018/05/04,94.9,4.1,1004.4,1014.1,21.5,17.4,15.4,18.3,13.1,8.3
2018/05/05,95.1,9.9,1010.7,1020.4,19.5,14.7,12.3,24.1,18.5,5.9
2018/05/06,93.9,0.3,1012.6,1022.3,20.0,17.7,12.6,20.6,15.0,8.9
2018/05/07,94.2,0.0,1009.4,1019.0,20.9,18.5,16.6,24.1,17.6,11.5
2018/05/08,94.0,8.9,1006.2,1015.7,21.1,19.6,18.2,25.9,15.0,11.3
2018/05/09,94.5,2.0,1005.3,1014.9,21.0,17.3,15.0,14.8,9.4,6.3
2018/05/10,95.9,4.1,1002.5,1012.1,19.8,17.1,15.0,16.5,9.1,7.0
2018/05/11,75.2,53.1,1002.0,1011.7,20.0,16.2,10.5,24.1,19.4,10.9
2018/05/12,76.2,0.0,1006.8,1016.6,21.2,13.8,5.7,13.0,5.2,12.6
2018/05/13,78.6,0.0,1005.9,1015.6,22.5,14.3,9.0,35.2,15.2,12.2
2018/05/14,81.3,0.0,1000.3,1009.9,22.1,17.2,12.0,27.8,16.9,15.2
2018/05/15,62.5,0.0,1005.4,1015.1,22.9,14.4,10.0,18.3,13.0,12.0
2018/05/16,67.0,0.0,1012.3,1022.2,18.6,11.1,7.5,13.0,8.1,12.4
2018/05/17,83.0,0.3,1008.1,1018.0,16.4,11.3,8.2,27.8,15.4,11.7
2018/05/18,77.8,0.0,1006.1,1016.0,19.8,10.8,3.4,22.2,9.8,9.1
2018/05/19,73.8,0.0,1011.8,1021.7,20.1,11.4,7.5,22.2,15.9,14.6
2018/05/20,78.1,0.0,1008.9,1018.9,16.1,8.7,2.5,18.3,7.8,10.0
2018/05/21,69.0,0.0,1007.6,1017.5,17.3,11.6,3.5,24.1,11.9,13.1
2018/05/22,65.7,0.0,1011.4,1021.4,18.0,8.7,0.8,16.5,8.5,15.0
2018/05/23,73.8,0.0,1011.6,1021.6,20.5,9.7,1.7,14.8,6.1,14.3
2018/05/24,72.3,0.0,1013.4,1023.3,21.5,10.8,3.5,16.5,8.7,12.6
2018/05/25,69.4,0.0,1011.2,1021.0,20.6,9.8,1.6,29.4,14.1,9.3
2018/05/26,75.4,0.0,1005.1,1014.9,21.0,10.8,3.2,27.8,18.5,13.5
2018/05/27,80.3,0.0,1005.3,1015.1,24.0,14.0,5.3,18.3,8.1,6.3
2018/05/28,79.5,0.0,999.7,1009.2,25.3,18.9,8.2,50.0,25.4,11.5
2018/05/29,89.7,23.1,1000.0,1009.5,26.5,18.0,15.0,22.2,17.6,9.8
2018/05/30,86.5,8.9,1005.4,1015.1,24.5,14.2,11.8,18.3,13.1,12.6
2018/05/31,82.6,1.0,1010.7,1020.6,13.5,10.4,8.7,18.3,14.4,12.0
2018/06/01,68.9,0.0,1014.1,1024.0,12.0,8.9,5.5,18.3,14.4,12.4
2018/06/02,73.7,0.0,1017.9,1027.9,12.2,7.5,1.5,18.3,10.6,14.8
2018/06/03,78.1,0.0,1022.3,1032.4,12.7,7.0,1.5,13.0,7.2,12.8
2018/06/04,80.6,0.0,1019.7,1029.7,11.5,7.3,3.2,11.1,8.7,11.5
2018/06/05,80.2,0.0,1012.8,1022.9,14.2,6.8,1.0,11.1,6.9,9.4
2018/06/06,71.5,0.0,1004.2,1014.1,16.9,8.0,1.8,24.1,10.2,13.9
2018/06/07,69.3,0.0,1007.9,1017.9,17.3,8.2,4.0,20.6,15.9,14.6
2018/06/08,72.4,0.0,1004.3,1014.3,16.0,6.6,-0.7,22.2,11.3,11.9
2018/06/09,81.5,0.0,1000.3,1010.2,18.2,9.4,3.5,24.1,13.7,10.6
2018/06/10,82.2,0.0,994.5,1004.1,18.7,14.3,4.2,20.6,13.7,12.4
2018/06/11,91.9,0.0,998.1,1007.8,19.2,12.2,10.8,18.3,13.3,7.8
2018/06/12,91.7,9.9,1003.3,1013.2,13.5,8.8,7.2,33.5,21.7,6.1
2018/06/13,79.3,7.1,1013.8,1023.8,9.2,6.9,5.5,27.8,17.4,11.9
2018/06/14,75.7,0.0,1019.5,1029.6,9.7,5.4,1.2,16.5,12.0,11.5
2018/06/15,75.7,0.0,1022.6,1032.8,10.9,3.8,-2.6,7.6,5.6,11.5
2018/06/16,74.3,0.0,1020.9,1031.0,12.8,4.4,-2.5,33.5,17.6,13.1
2018/06/17,67.7,0.0,1016.5,1026.6,16.3,6.8,-0.5,27.8,17.8,13.7
2018/06/18,67.0,0.0,1013.3,1023.3,18.3,8.7,2.2,33.5,20.4,12.6
2018/06/19,68.0,0.0,1007.5,1017.3,19.3,10.7,3.0,24.1,18.9,11.5
2018/06/20,79.5,0.0,1005.5,1015.4,20.2,10.0,1.8,16.5,8.3,11.3
2018/06/21,57.6,0.0,1006.1,1015.9,21.5,12.9,2.0,29.4,19.1,13.7
2018/06/22,64.0,0.0,1006.6,1016.6,16.0,6.9,0.4,27.8,10.2,13.5
2018/06/23,60.9,0.0,1004.1,1014.0,17.0,8.4,2.5,20.6,13.3,12.4
2018/06/24,45.9,0.0,1014.3,1024.5,13.5,2.8,-6.2,20.6,11.3,13.9
2018/06/25,59.7,0.0,1007.0,1017.1,15.0,5.6,-3.6,14.8,9.1,15.2
2018/06/26,58.6,0.0,1003.3,1013.3,18.1,6.9,-1.0,14.8,7.4,12.0
2018/06/27,65.4,0.0,1001.3,1011.2,19.2,9.5,1.0,18.3,12.6,13.1
2018/06/28,77.9,0.0,1004.6,1014.5,20.1,9.7,1.2,20.6,7.4,7.8
2018/06/29,79.8,0.0,1005.1,1014.9,20.6,10.5,3.2,14.8,5.9,7.4
2018/06/30,82.9,0.0,1004.0,1013.8,20.5,10.1,1.8,24.1,11.1,7.0
2018/07/01,91.0,0.0,999.6,1009.3,20.5,14.3,3.4,18.3,10.6,7.6
2018/07/02,74.4,,1006.6,1016.4,16.5,11.6,9.0,27.8,19.1,9.8
2018/07/03,63.7,0.0,1017.6,1027.8,8.6,5.6,0.2,18.3,13.9,11.5
2018/07/04,79.4,1.0,1012.4,1022.6,9.9,5.1,0.9,20.6,13.7,11.3
2018/07/05,70.7,0.0,1009.5,1019.5,13.0,8.2,3.6,25.9,14.3,11.9
2018/07/06,90.8,0.3,1010.4,1020.4,14.0,6.3,3.5,27.8,16.9,10.0
2018/07/07,95.6,5.1,1008.2,1018.2,11.7,8.9,5.0,22.2,14.6,5.4
2018/07/08,93.1,0.3,1016.4,1026.4,12.0,8.2,6.5,14.8,11.5,10.7
2018/07/09,84.6,0.0,1023.4,1033.5,12.3,8.3,4.5,13.0,9.1,12.4
2018/07/10,75.3,0.0,1020.1,1030.2,12.2,8.2,4.5,37.0,20.4,13.9
2018/07/11,79.0,0.0,1014.4,1024.5,14.4,6.8,1.5,27.8,21.5,8.7
2018/07/12,80.0,0.0,1009.0,1019.1,16.0,7.5,1.0,31.3,15.0,10.7
2018/07/13,75.5,0.0,1005.2,1015.1,17.3,9.3,2.8,13.0,8.9,12.0
2018/07/14,76.4,0.0,998.5,1008.2,20.2,11.7,4.2,20.6,11.1,11.9
2018/07/15,60.6,0.0,1004.0,1013.9,22.0,11.0,5.5,20.6,12.6,13.7
2018/07/16,75.9,0.0,1013.8,1023.8,17.5,8.6,4.0,33.5,19.4,10.9
2018/07/17,87.9,0.0,1011.1,1021.1,14.5,8.2,5.0,25.9,20.6,8.3
2018/07/18,97.1,1.0,1003.8,1013.7,12.5,11.5,7.3,14.8,10.4,2.6
2018/07/19,94.6,0.5,1000.1,1009.9,12.9,10.8,9.0,24.1,13.9,8.0
2018/07/20,81.5,0.0,1004.8,1014.8,10.0,6.7,5.7,33.5,27.8,10.6
2018/07/21,58.6,0.0,1007.2,1017.2,15.8,6.8,-0.7,25.9,19.4,11.5
2018/07/22,69.2,0.0,1005.8,1015.7,16.2,7.4,1.4,29.4,19.4,11.5
2018/07/23,51.4,0.0,1018.9,1029.0,12.5,6.1,-0.5,18.3,13.3,13.5
2018/07/24,62.0,0.0,1023.3,1033.6,11.8,2.9,-3.8,24.1,8.3,13.9
2018/07/25,85.0,0.8,1020.1,1030.2,12.1,6.2,-0.6,16.5,12.8,10.0
2018/07/26,94.2,2.0,1013.5,1023.4,13.4,10.4,4.2,22.2,16.9,8.3
2018/07/27,95.7,2.0,1008.7,1018.5,14.6,12.2,8.9,25.9,13.7,8.7
2018/07/28,96.7,6.1,1004.0,1013.8,13.6,11.3,10.2,18.3,7.8,5.4
2018/07/29,81.4,11.9,1003.5,1013.3,14.0,10.9,8.0,25.9,19.6,12.0
2018/07/30,71.7,0.0,1007.1,1017.0,15.3,7.3,2.5,20.6,12.8,14.6
2018/07/31,54.4,0.0,1015.9,1025.9,15.5,5.9,-1.5,13.0,9.3,13.0
2018/08/01,63.5,0.0,1014.1,1024.2,13.2,4.7,-2.8,27.8,16.5,13.5
2018/08/02,76.1,0.0,1013.4,1023.5,14.1,4.0,-1.6,18.3,13.0,13.9
2018/08/03,76.3,0.0,1009.8,1019.8,14.5,7.3,0.1,16.5,10.2,8.5
2018/08/04,72.3,0.0,1010.2,1020.2,16.4,7.7,-1.0,9.4,5.0,8.3
2018/08/05,65.4,0.0,1007.1,1017.0,19.7,9.4,1.9,31.7,16.5,12.6
2018/08/06,62.1,0.0,1005.9,1015.7,21.6,12.3,4.8,38.9,22.2,12.4
2018/08/07,66.2,,999.7,1009.3,22.5,14.4,7.2,42.4,31.3,12.6
2018/08/08,90.7,10.9,1005.8,1015.7,21.8,9.4,7.7,44.3,30.9,6.1
2018/08/09,73.9,7.9,1016.1,1026.2,10.0,6.7,3.0,29.4,18.0,13.9
2018/08/10,79.8,0.0,1013.5,1023.6,12.2,5.8,-0.6,11.1,6.7,10.2
2018/08/11,83.8,0.0,1011.6,1021.6,16.0,7.4,1.4,29.4,15.0,6.7
2018/08/12,93.5,0.0,1009.1,1019.0,16.5,10.0,3.5,25.9,19.4,7.2
2018/08/13,91.2,0.0,1004.5,1014.3,16.1,11.7,9.0,14.8,11.3,7.6
2018/08/14,71.2,2.0,1011.2,1021.1,17.0,10.7,6.2,31.7,20.4,13.1
2018/08/15,59.9,0.0,1015.8,1025.8,17.0,8.4,0.2,18.3,8.7,13.9
2018/08/16,65.8,0.0,1013.7,1023.7,19.2,10.3,2.5,35.2,20.4,12.6
2018/08/17,71.1,0.0,1009.2,1019.0,21.9,13.0,5.4,37.0,23.7,13.0
2018/08/18,74.8,,1005.4,1015.1,23.5,13.8,8.3,31.7,20.0,10.4
2018/08/19,49.3,1.0,1019.3,1029.3,16.4,9.0,6.2,31.7,17.6,16.5
2018/08/20,63.6,0.0,1023.1,1033.3,12.1,5.1,-0.9,16.5,11.3,13.9
2018/08/21,58.3,0.0,1018.2,1028.4,13.8,4.7,-2.5,27.8,13.7,12.6
2018/08/22,65.3,0.0,1011.7,1021.8,15.5,6.8,-1.0,40.7,26.3,14.8
2018/08/23,75.4,0.0,1001.4,1011.3,16.6,10.3,3.8,33.5,24.4,13.5
2018/08/24,61.3,0.0,1006.3,1016.2,17.5,11.2,5.0,31.7,17.4,12.4
2018/08/25,55.0,0.0,1014.8,1024.8,17.0,8.8,1.2,33.5,14.4,12.6
2018/08/26,46.2,0.0,1011.6,1021.6,23.3,10.8,2.0,27.8,18.9,13.9
2018/08/27,45.7,0.0,1005.8,1015.5,24.2,13.6,4.8,42.4,26.3,13.0
2018/08/28,50.5,0.0,1004.0,1013.7,25.6,13.9,3.8,27.8,20.2,13.0
2018/08/29,59.4,0.0,999.9,1009.6,28.2,16.8,8.2,20.6,14.8,11.9
2018/08/30,69.6,7.9,1003.8,1013.6,19.5,12.2,8.4,38.9,25.0,10.6
2018/08/31,65.3,0.3,1013.9,1023.9,12.2,7.0,4.5,33.5,23.7,12.0
2018/09/01,71.0,0.0,1016.2,1026.2,13.4,8.1,4.0,24.1,18.5,12.6
2018/09/02,69.4,0.0,1014.8,1024.7,16.4,9.8,3.0,13.0,10.9,11.3
2018/09/03,69.6,0.0,1013.4,1023.3,18.5,10.9,2.4,9.4,5.0,11.3
2018/09/04,70.8,0.0,1010.3,1020.1,21.0,11.4,3.5,33.5,13.7,9.4
2018/09/05,63.4,0.0,1003.7,1013.5,24.6,15.2,8.4,44.6,24.3,11.5
2018/09/06,66.6,0.0,1002.6,1012.2,25.4,16.2,8.5,24.1,16.9,11.5
2018/09/07,53.0,0.0,1008.0,1017.6,26.2,16.6,9.5,33.5,26.5,12.4
2018/09/08,56.2,0.0,1010.9,1020.7,23.7,15.4,11.0,24.1,18.5,13.9
2018/09/09,60.8,0.0,1012.4,1022.1,21.6,15.1,10.0,33.5,24.1,14.3
2018/09/10,78.3,2.0,1013.6,1023.4,22.8,14.4,10.3,33.5,21.1,12.2
2018/09/11,75.1,0.0,1010.4,1020.1,22.8,15.2,9.6,33.5,21.9,12.4
2018/09/12,84.6,0.0,1007.7,1017.4,23.7,14.4,12.4,14.8,12.8,11.3
2018/09/13,77.0,3.0,1008.8,1018.5,20.6,14.8,9.7,24.1,13.9,12.0
2018/09/14,80.5,0.0,1007.5,1017.2,21.5,13.3,6.8,14.8,7.2,8.3
2018/09/15,90.8,0.0,1004.9,1014.6,19.9,10.8,7.0,9.4,4.6,5.9
2018/09/16,84.4,0.0,1003.7,1013.4,21.2,15.5,11.2,9.4,2.8,4.6
2018/09/17,,,,,,,,,,
2018/09/18,58.6,0.0,994.2,1003.7,25.0,22.5,12.5,33.5,26.5,10.9
2018/09/19,57.3,25.9,1000.7,1010.3,26.2,15.2,9.7,33.5,11.1,10.9
2018/09/20,36.1,0.0,1004.0,1013.7,22.0,19.2,8.0,44.3,29.1,15.7
2018/09/21,62.8,0.0,1000.2,1009.7,26.2,17.8,9.8,20.6,13.1,12.6
2018/09/22,71.2,0.0,993.4,1002.8,33.1,23.1,16.5,24.1,16.9,11.5
2018/09/23,50.5,0.0,997.7,1007.1,33.8,20.4,15.0,24.1,16.5,11.5
2018/09/24,,,,,,,,,,
2018/09/25,50.5,0.0,1005.5,1015.2,24.4,16.7,9.0,35.2,18.7,13.5
2018/09/26,72.1,0.0,1003.6,1013.2,25.0,17.1,11.8,25.9,12.6,11.7
2018/09/27,77.6,,1005.7,1015.3,23.2,15.2,10.2,31.7,25.6,11.3
2018/09/28,91.2,6.9,1001.4,1011.0,22.0,16.8,11.8,42.4,26.9,8.7
2018/09/29,75.0,69.1,992.4,1001.8,22.5,19.9,15.7,33.5,22.0,11.1
2018/09/30,73.8,0.0,996.6,1006.2,22.0,16.1,9.5,20.6,11.9,13.9
2018/10/01,52.8,0.0,1006.2,1015.9,22.4,12.7,9.5,38.9,22.8,14.3
2018/10/02,52.0,0.0,1007.9,1017.8,19.1,9.9,1.0,24.1,9.4,13.9
2018/10/03,50.5,0.0,1008.1,1017.9,21.9,13.1,4.1,25.9,11.9,13.5
2018/10/04,48.9,0.0,1012.0,1021.8,23.0,13.1,4.6,16.5,10.0,13.0
2018/10/05,55.7,0.0,1014.2,1024.0,21.0,13.5,7.5,18.3,12.6,13.1
2018/10/06,56.6,0.0,1007.6,1017.3,24.1,16.1,9.1,38.9,24.1,13.1
2018/10/07,55.9,0.0,1001.5,1011.1,28.0,17.6,9.2,31.3,22.2,12.6
2018/10/08,60.5,0.0,995.2,1004.6,29.7,20.5,11.6,27.8,21.1,13.9
2018/10/09,49.8,0.0,1001.5,1011.0,31.0,17.8,12.6,25.9,16.5,13.9
2018/10/10,36.6,0.0,1011.4,1021.2,21.5,14.2,7.2,22.2,13.0,13.9
2018/10/11,68.3,3.0,1014.2,1024.0,19.8,12.0,8.6,31.3,20.4,11.7
2018/10/12,71.7,0.0,1009.1,1019.0,19.2,13.1,9.0,24.1,10.9,13.9
2018/10/13,64.4,0.0,1009.3,1019.1,23.3,15.2,5.8,16.5,8.1,10.2
2018/10/14,53.0,0.0,1006.7,1016.3,26.5,18.0,7.5,16.5,11.1,12.6
2018/10/15,52.6,0.0,1001.5,1011.0,29.5,18.3,10.5,33.5,17.2,13.1
2018/10/16,46.0,0.0,995.3,1004.8,29.0,22.4,10.4,25.9,20.0,15.2
2018/10/17,67.5,1.0,996.6,1006.0,29.5,20.5,16.0,27.8,18.7,13.0
2018/10/18,76.5,5.1,1003.6,1013.2,27.0,18.8,15.4,29.4,22.4,12.0
2018/10/19,76.1,0.0,1013.3,1023.0,23.5,14.8,9.6,27.8,23.2,11.5
2018/10/20,69.6,0.0,1011.7,1021.4,19.7,15.9,11.0,35.2,24.3,12.4
2018/10/21,83.3,6.1,1006.5,1016.2,21.0,13.6,10.5,29.4,17.6,13.1
2018/10/22,74.3,3.0,1006.0,1015.8,21.1,15.8,9.0,18.3,8.0,10.0
2018/10/23,55.1,0.0,1011.5,1021.2,20.0,15.9,8.7,24.1,19.8,13.0
2018/10/24,84.0,16.0,1011.3,1021.1,20.6,11.7,9.5,22.2,18.5,10.7
2018/10/25,78.5,0.0,1009.1,1019.0,19.2,13.8,9.7,16.5,12.2,12.6
2018/10/26,69.0,0.0,1007.6,1017.3,21.5,16.9,12.5,20.6,14.4,15.6
2018/10/27,71.7,0.0,1006.5,1016.2,22.5,16.2,9.8,18.3,10.9,9.8
2018/10/28,62.3,0.0,1005.3,1014.9,25.0,18.5,12.6,22.2,13.9,12.4
2018/10/29,66.0,0.0,1000.5,1010.1,25.8,19.0,11.5,27.8,18.3,13.9
2018/10/30,88.1,32.0,999.3,1008.8,25.4,18.0,16.5,22.2,11.9,10.9
2018/10/31,84.1,17.0,1004.5,1014.1,21.5,15.6,13.4,22.2,13.1,13.1
2018/11/01,65.1,0.0,1009.8,1019.6,19.4,13.0,7.1,22.2,15.4,13.9
2018/11/02,72.3,,999.9,1009.6,19.6,14.8,10.4,35.2,24.4,13.1
2018/11/03,66.4,0.0,1000.4,1010.0,26.7,19.1,12.8,20.6,11.9,12.6
2018/11/04,56.6,0.0,1001.7,1011.2,30.0,20.3,13.0,40.7,23.5,12.8
2018/11/05,61.1,,1001.8,1011.2,31.0,21.9,16.5,33.5,13.9,13.3
2018/11/06,60.8,0.0,1008.3,1017.8,29.8,20.8,15.5,24.1,16.7,13.9
2018/11/07,53.7,0.0,1014.4,1024.1,26.4,17.8,10.5,27.8,20.0,13.9
2018/11/08,57.5,0.0,1006.2,1015.8,29.6,20.6,12.5,40.7,28.0,14.8
2018/11/09,59.5,0.0,998.1,1007.5,34.6,25.3,16.2,40.7,24.4,12.8
2018/11/10,72.3,0.3,993.8,1003.0,35.1,23.8,19.2,37.0,21.9,12.6
2018/11/11,87.4,35.1,996.0,1005.3,27.0,21.1,17.8,38.9,21.3,12.6
2018/11/12,85.1,9.4,995.3,1004.7,26.0,22.0,19.0,50.0,24.1,10.6
2018/11/13,91.3,38.4,993.5,1002.9,25.2,19.3,17.6,24.1,12.8,8.9
2018/11/14,62.3,0.0,995.9,1005.4,25.0,18.6,12.8,31.3,20.0,14.3
2018/11/15,59.6,0.0,998.4,1007.9,26.6,20.2,13.0,18.3,10.4,13.9
2018/11/16,69.3,13.0,1008.5,1018.1,27.5,13.2,9.5,24.1,20.0,11.9
2018/11/17,,,,,,,,,,
2018/11/18,,,,,,,,,,
2018/11/19,,,,,,,,,,
2018/11/20,,,,,,,,,,
2018/11/21,,,,,,,,,,
2018/11/22,,,,,,,,,,
2018/11/23,70.2,1.0,1006.5,1016.2,20.6,15.0,9.3,25.9,23.0,13.1
2018/11/24,63.8,0.0,1005.9,1015.6,22.6,16.8,10.6,16.5,11.9,13.9
2018/11/25,55.3,0.0,1005.4,1015.0,25.5,18.2,9.0,20.6,12.0,13.9
2018/11/26,48.2,0.0,1006.8,1016.4,26.0,20.7,15.5,38.9,18.7,15.0
2018/11/27,64.1,0.0,1006.5,1016.1,27.1,18.3,14.8,25.9,14.1,13.5
2018/11/28,63.2,0.0,1005.8,1015.3,26.0,20.3,14.8,14.8,10.9,13.9
2018/11/29,72.0,0.0,1004.2,1013.8,26.8,19.4,13.8,16.5,12.0,10.7
2018/11/30,65.1,0.0,1000.3,1009.8,28.2,21.4,15.4,18.3,9.4,13.9
2018/12/01,48.9,0.0,1007.1,1016.7,28.5,18.1,12.0,38.9,25.0,13.1
2018/12/02,53.6,0.0,1011.8,1021.6,21.3,15.1,7.0,16.5,10.4,13.9
2018/12/03,49.5,0.0,1003.6,1013.2,26.5,18.2,8.9,20.6,11.7,14.6
2018/12/04,55.5,0.0,996.4,1005.9,27.5,20.0,12.8,24.1,10.2,13.9
2018/12/05,59.1,0.0,1003.1,1012.6,27.4,18.0,11.8,14.8,11.3,13.9
2018/12/06,54.1,0.0,1012.7,1022.3,25.0,17.7,13.9,20.6,16.9,13.5
2018/12/07,51.4,0.0,1013.5,1023.2,25.1,17.9,11.5,18.3,10.4,13.5
2018/12/08,45.7,0.0,1006.4,1016.0,29.0,20.6,12.3,31.3,21.1,13.9
2018/12/09,57.7,0.0,1000.4,1009.9,29.5,20.2,15.3,29.4,18.1,14.3
2018/12/10,54.3,0.0,1002.5,1011.9,33.6,22.3,11.4,35.2,15.4,10.6
2018/12/11,71.1,27.9,998.6,1007.9,34.8,22.4,18.1,33.5,19.8,11.5
2018/12/12,59.1,0.0,1002.5,1011.9,28.0,23.6,17.9,14.8,9.3,13.5
2018/12/13,85.0,66.0,997.8,1007.2,29.3,18.3,15.0,33.5,22.8,10.0
2018/12/14,70.8,7.1,996.5,1006.0,25.2,18.4,15.0,25.9,18.3,11.5
2018/12/15,48.7,0.0,1006.1,1015.7,27.0,19.8,10.2,20.6,10.6,12.6
2018/12/16,65.8,0.0,1001.7,1011.1,31.2,23.0,14.0,24.1,18.3,13.1
2018/12/17,79.2,40.9,999.6,1009.0,32.0,22.2,18.0,33.5,21.9,13.1
2018/12/18,69.5,0.0,1008.4,1018.0,23.6,18.1,11.8,24.1,18.3,14.6
2018/12/19,74.4,0.0,1003.0,1012.5,26.7,20.8,15.2,22.2,14.8,11.5
2018/12/20,75.0,13.0,996.8,1006.2,27.6,21.5,16.0,22.2,15.9,13.7
2018/12/21,67.4,0.5,998.4,1007.8,27.8,21.2,16.0,24.1,11.5,12.8
2018/12/22,,,,,,,,,,
2018/12/23,,,,,,,,,,
2018/12/24,,,,,,,,,,
2018/12/25,,,,,,,,,,
2018/12/26,,,,,,,,,,
2018/12/27,,,,,,,,,,
2018/12/28,,,,,,,,,,
2018/12/29,,,,,,,,,,
2018/12/30,,,,,,,,,,
2018/12/31,,,,,,,,,,
